file,line,type,commit,author,date,time,timezone,datetime,depth,length
style.css,1,css,ec11ecf7,roynguyenn,2025-04-18,17:14:34,-07:00,2025-04-18T17:14:34-07:00,0,5
style.css,2,css,ec11ecf7,roynguyenn,2025-04-18,17:14:34,-07:00,2025-04-18T17:14:34-07:00,0,24
style.css,3,css,ec11ecf7,roynguyenn,2025-04-18,17:14:34,-07:00,2025-04-18T17:14:34-07:00,0,0
style.css,4,css,ec11ecf7,roynguyenn,2025-04-18,17:14:34,-07:00,2025-04-18T17:14:34-07:00,0,60
style.css,5,css,ec11ecf7,roynguyenn,2025-04-18,17:14:34,-07:00,2025-04-18T17:14:34-07:00,0,18
style.css,6,css,ec11ecf7,roynguyenn,2025-04-18,17:14:34,-07:00,2025-04-18T17:14:34-07:00,0,17
style.css,7,css,ec11ecf7,roynguyenn,2025-04-18,17:14:34,-07:00,2025-04-18T17:14:34-07:00,0,0
style.css,8,css,474e7972,roynguyenn,2025-04-04,17:08:22,-07:00,2025-04-04T17:08:22-07:00,0,5
style.css,9,css,474e7972,roynguyenn,2025-04-04,17:08:22,-07:00,2025-04-04T17:08:22-07:00,0,44
style.css,10,css,474e7972,roynguyenn,2025-04-04,17:08:22,-07:00,2025-04-04T17:08:22-07:00,0,43
style.css,11,css,474e7972,roynguyenn,2025-04-04,17:08:22,-07:00,2025-04-04T17:08:22-07:00,0,1
style.css,12,css,474e7972,roynguyenn,2025-04-04,17:08:22,-07:00,2025-04-04T17:08:22-07:00,0,24
style.css,13,css,64bec796,roynguyenn,2025-04-12,22:37:15,-07:00,2025-04-12T22:37:15-07:00,0,16
style.css,14,css,64bec796,roynguyenn,2025-04-12,22:37:15,-07:00,2025-04-12T22:37:15-07:00,0,43
style.css,15,css,474e7972,roynguyenn,2025-04-04,17:08:22,-07:00,2025-04-04T17:08:22-07:00,0,0
style.css,16,css,474e7972,roynguyenn,2025-04-04,17:08:22,-07:00,2025-04-04T17:08:22-07:00,0,4
style.css,17,css,474e7972,roynguyenn,2025-04-04,17:08:22,-07:00,2025-04-04T17:08:22-07:00,0,12
style.css,18,css,474e7972,roynguyenn,2025-04-04,17:08:22,-07:00,2025-04-04T17:08:22-07:00,0,69
style.css,19,css,64bec796,roynguyenn,2025-04-12,22:37:15,-07:00,2025-04-12T22:37:15-07:00,0,0
style.css,20,css,64bec796,roynguyenn,2025-04-12,22:37:15,-07:00,2025-04-12T22:37:15-07:00,0,6
style.css,21,css,64bec796,roynguyenn,2025-04-12,22:37:15,-07:00,2025-04-12T22:37:15-07:00,0,32
style.css,22,css,64bec796,roynguyenn,2025-04-12,22:37:15,-07:00,2025-04-12T22:37:15-07:00,0,0
style.css,23,css,64bec796,roynguyenn,2025-04-12,22:37:15,-07:00,2025-04-12T22:37:15-07:00,0,0
style.css,24,css,64bec796,roynguyenn,2025-04-12,22:37:15,-07:00,2025-04-12T22:37:15-07:00,0,6
style.css,25,css,64bec796,roynguyenn,2025-04-12,22:37:15,-07:00,2025-04-12T22:37:15-07:00,0,7
style.css,26,css,64bec796,roynguyenn,2025-04-12,22:37:15,-07:00,2025-04-12T22:37:15-07:00,0,17
style.css,27,css,64bec796,roynguyenn,2025-04-12,22:37:15,-07:00,2025-04-12T22:37:15-07:00,0,0
style.css,28,css,64bec796,roynguyenn,2025-04-12,22:37:15,-07:00,2025-04-12T22:37:15-07:00,0,0
style.css,29,css,64bec796,roynguyenn,2025-04-12,22:37:15,-07:00,2025-04-12T22:37:15-07:00,0,4
style.css,30,css,64bec796,roynguyenn,2025-04-12,22:37:15,-07:00,2025-04-12T22:37:15-07:00,0,13
style.css,31,css,64bec796,roynguyenn,2025-04-12,22:37:15,-07:00,2025-04-12T22:37:15-07:00,0,18
style.css,32,css,ec11ecf7,roynguyenn,2025-04-18,17:14:34,-07:00,2025-04-18T17:14:34-07:00,0,40
style.css,33,css,ec11ecf7,roynguyenn,2025-04-18,17:14:34,-07:00,2025-04-18T17:14:34-07:00,0,44
style.css,34,css,64bec796,roynguyenn,2025-04-12,22:37:15,-07:00,2025-04-12T22:37:15-07:00,0,0
style.css,35,css,64bec796,roynguyenn,2025-04-12,22:37:15,-07:00,2025-04-12T22:37:15-07:00,0,0
style.css,36,css,64bec796,roynguyenn,2025-04-12,22:37:15,-07:00,2025-04-12T22:37:15-07:00,0,6
style.css,37,css,64bec796,roynguyenn,2025-04-12,22:37:15,-07:00,2025-04-12T22:37:15-07:00,0,7
style.css,38,css,64bec796,roynguyenn,2025-04-12,22:37:15,-07:00,2025-04-12T22:37:15-07:00,0,18
style.css,39,css,64bec796,roynguyenn,2025-04-12,22:37:15,-07:00,2025-04-12T22:37:15-07:00,0,14
style.css,40,css,64bec796,roynguyenn,2025-04-12,22:37:15,-07:00,2025-04-12T22:37:15-07:00,0,21
style.css,41,css,64bec796,roynguyenn,2025-04-12,22:37:15,-07:00,2025-04-12T22:37:15-07:00,0,14
style.css,42,css,64bec796,roynguyenn,2025-04-12,22:37:15,-07:00,2025-04-12T22:37:15-07:00,0,0
style.css,43,css,64bec796,roynguyenn,2025-04-12,22:37:15,-07:00,2025-04-12T22:37:15-07:00,0,0
style.css,44,css,64bec796,roynguyenn,2025-04-12,22:37:15,-07:00,2025-04-12T22:37:15-07:00,0,14
style.css,45,css,64bec796,roynguyenn,2025-04-12,22:37:15,-07:00,2025-04-12T22:37:15-07:00,0,44
style.css,46,css,64bec796,roynguyenn,2025-04-12,22:37:15,-07:00,2025-04-12T22:37:15-07:00,0,35
style.css,47,css,64bec796,roynguyenn,2025-04-12,22:37:15,-07:00,2025-04-12T22:37:15-07:00,0,0
style.css,48,css,64bec796,roynguyenn,2025-04-12,22:37:15,-07:00,2025-04-12T22:37:15-07:00,0,0
style.css,49,css,64bec796,roynguyenn,2025-04-12,22:37:15,-07:00,2025-04-12T22:37:15-07:00,0,12
style.css,50,css,64bec796,roynguyenn,2025-04-12,22:37:15,-07:00,2025-04-12T22:37:15-07:00,0,46
style.css,51,css,ec11ecf7,roynguyenn,2025-04-18,17:14:34,-07:00,2025-04-18T17:14:34-07:00,0,70
style.css,52,css,64bec796,roynguyenn,2025-04-12,22:37:15,-07:00,2025-04-12T22:37:15-07:00,0,0
style.css,53,css,64bec796,roynguyenn,2025-04-12,22:37:15,-07:00,2025-04-12T22:37:15-07:00,0,0
style.css,54,css,64bec796,roynguyenn,2025-04-12,22:37:15,-07:00,2025-04-12T22:37:15-07:00,0,10
style.css,55,css,64bec796,roynguyenn,2025-04-12,22:37:15,-07:00,2025-04-12T22:37:15-07:00,0,13
style.css,56,css,64bec796,roynguyenn,2025-04-12,22:37:15,-07:00,2025-04-12T22:37:15-07:00,0,11
style.css,57,css,64bec796,roynguyenn,2025-04-12,22:37:15,-07:00,2025-04-12T22:37:15-07:00,0,11
style.css,58,css,64bec796,roynguyenn,2025-04-12,22:37:15,-07:00,2025-04-12T22:37:15-07:00,0,13
style.css,59,css,64bec796,roynguyenn,2025-04-12,22:37:15,-07:00,2025-04-12T22:37:15-07:00,0,0
style.css,60,css,64bec796,roynguyenn,2025-04-12,22:37:15,-07:00,2025-04-12T22:37:15-07:00,0,0
style.css,61,css,64bec796,roynguyenn,2025-04-12,22:37:15,-07:00,2025-04-12T22:37:15-07:00,0,40
style.css,62,css,64bec796,roynguyenn,2025-04-12,22:37:15,-07:00,2025-04-12T22:37:15-07:00,0,5
style.css,63,css,64bec796,roynguyenn,2025-04-12,22:37:15,-07:00,2025-04-12T22:37:15-07:00,0,13
style.css,64,css,64bec796,roynguyenn,2025-04-12,22:37:15,-07:00,2025-04-12T22:37:15-07:00,0,91
style.css,65,css,64bec796,roynguyenn,2025-04-12,22:37:15,-07:00,2025-04-12T22:37:15-07:00,0,47
style.css,66,css,64bec796,roynguyenn,2025-04-12,22:37:15,-07:00,2025-04-12T22:37:15-07:00,0,53
style.css,67,css,64bec796,roynguyenn,2025-04-12,22:37:15,-07:00,2025-04-12T22:37:15-07:00,0,0
style.css,68,css,64bec796,roynguyenn,2025-04-12,22:37:15,-07:00,2025-04-12T22:37:15-07:00,0,0
style.css,69,css,64bec796,roynguyenn,2025-04-12,22:37:15,-07:00,2025-04-12T22:37:15-07:00,0,69
style.css,70,css,64bec796,roynguyenn,2025-04-12,22:37:15,-07:00,2025-04-12T22:37:15-07:00,0,11
style.css,71,css,64bec796,roynguyenn,2025-04-12,22:37:15,-07:00,2025-04-12T22:37:15-07:00,0,17
style.css,72,css,64bec796,roynguyenn,2025-04-12,22:37:15,-07:00,2025-04-12T22:37:15-07:00,0,0
style.css,73,css,64bec796,roynguyenn,2025-04-12,22:37:15,-07:00,2025-04-12T22:37:15-07:00,0,0
style.css,74,css,64bec796,roynguyenn,2025-04-12,22:37:15,-07:00,2025-04-12T22:37:15-07:00,0,75
style.css,75,css,64bec796,roynguyenn,2025-04-12,22:37:15,-07:00,2025-04-12T22:37:15-07:00,0,10
style.css,76,css,64bec796,roynguyenn,2025-04-12,22:37:15,-07:00,2025-04-12T22:37:15-07:00,0,14
style.css,77,css,64bec796,roynguyenn,2025-04-12,22:37:15,-07:00,2025-04-12T22:37:15-07:00,0,11
style.css,78,css,64bec796,roynguyenn,2025-04-12,22:37:15,-07:00,2025-04-12T22:37:15-07:00,0,22
style.css,79,css,64bec796,roynguyenn,2025-04-12,22:37:15,-07:00,2025-04-12T22:37:15-07:00,0,0
style.css,80,css,64bec796,roynguyenn,2025-04-12,22:37:15,-07:00,2025-04-12T22:37:15-07:00,0,0
style.css,81,css,64bec796,roynguyenn,2025-04-12,22:37:15,-07:00,2025-04-12T22:37:15-07:00,0,77
style.css,82,css,64bec796,roynguyenn,2025-04-12,22:37:15,-07:00,2025-04-12T22:37:15-07:00,0,12
style.css,83,css,64bec796,roynguyenn,2025-04-12,22:37:15,-07:00,2025-04-12T22:37:15-07:00,0,19
style.css,84,css,64bec796,roynguyenn,2025-04-12,22:37:15,-07:00,2025-04-12T22:37:15-07:00,0,0
style.css,85,css,64bec796,roynguyenn,2025-04-12,22:37:15,-07:00,2025-04-12T22:37:15-07:00,0,0
style.css,86,css,64bec796,roynguyenn,2025-04-12,22:37:15,-07:00,2025-04-12T22:37:15-07:00,0,33
style.css,87,css,64bec796,roynguyenn,2025-04-12,22:37:15,-07:00,2025-04-12T22:37:15-07:00,0,10
style.css,88,css,64bec796,roynguyenn,2025-04-12,22:37:15,-07:00,2025-04-12T22:37:15-07:00,0,13
style.css,89,css,64bec796,roynguyenn,2025-04-12,22:37:15,-07:00,2025-04-12T22:37:15-07:00,0,59
style.css,90,css,64bec796,roynguyenn,2025-04-12,22:37:15,-07:00,2025-04-12T22:37:15-07:00,0,8
style.css,91,css,64bec796,roynguyenn,2025-04-12,22:37:15,-07:00,2025-04-12T22:37:15-07:00,0,0
style.css,92,css,64bec796,roynguyenn,2025-04-12,22:37:15,-07:00,2025-04-12T22:37:15-07:00,0,0
style.css,93,css,64bec796,roynguyenn,2025-04-12,22:37:15,-07:00,2025-04-12T22:37:15-07:00,0,58
style.css,94,css,64bec796,roynguyenn,2025-04-12,22:37:15,-07:00,2025-04-12T22:37:15-07:00,0,18
style.css,95,css,64bec796,roynguyenn,2025-04-12,22:37:15,-07:00,2025-04-12T22:37:15-07:00,0,13
style.css,96,css,64bec796,roynguyenn,2025-04-12,22:37:15,-07:00,2025-04-12T22:37:15-07:00,0,27
style.css,97,css,64bec796,roynguyenn,2025-04-12,22:37:15,-07:00,2025-04-12T22:37:15-07:00,0,16
style.css,98,css,64bec796,roynguyenn,2025-04-12,22:37:15,-07:00,2025-04-12T22:37:15-07:00,0,10
style.css,99,css,64bec796,roynguyenn,2025-04-12,22:37:15,-07:00,2025-04-12T22:37:15-07:00,0,0
style.css,100,css,64bec796,roynguyenn,2025-04-12,22:37:15,-07:00,2025-04-12T22:37:15-07:00,0,0
style.css,101,css,64bec796,roynguyenn,2025-04-12,22:37:15,-07:00,2025-04-12T22:37:15-07:00,0,21
style.css,102,css,64bec796,roynguyenn,2025-04-12,22:37:15,-07:00,2025-04-12T22:37:15-07:00,0,9
style.css,103,css,64bec796,roynguyenn,2025-04-12,22:37:15,-07:00,2025-04-12T22:37:15-07:00,0,0
style.css,104,css,64bec796,roynguyenn,2025-04-12,22:37:15,-07:00,2025-04-12T22:37:15-07:00,0,0
style.css,105,css,64bec796,roynguyenn,2025-04-12,22:37:15,-07:00,2025-04-12T22:37:15-07:00,0,34
style.css,106,css,64bec796,roynguyenn,2025-04-12,22:37:15,-07:00,2025-04-12T22:37:15-07:00,0,3
style.css,107,css,64bec796,roynguyenn,2025-04-12,22:37:15,-07:00,2025-04-12T22:37:15-07:00,0,15
style.css,108,css,64bec796,roynguyenn,2025-04-12,22:37:15,-07:00,2025-04-12T22:37:15-07:00,0,0
style.css,109,css,64bec796,roynguyenn,2025-04-12,22:37:15,-07:00,2025-04-12T22:37:15-07:00,0,0
style.css,110,css,64bec796,roynguyenn,2025-04-12,22:37:15,-07:00,2025-04-12T22:37:15-07:00,0,23
style.css,111,css,64bec796,roynguyenn,2025-04-12,22:37:15,-07:00,2025-04-12T22:37:15-07:00,0,16
style.css,112,css,64bec796,roynguyenn,2025-04-12,22:37:15,-07:00,2025-04-12T22:37:15-07:00,0,18
style.css,113,css,64bec796,roynguyenn,2025-04-12,22:37:15,-07:00,2025-04-12T22:37:15-07:00,0,0
style.css,114,css,64bec796,roynguyenn,2025-04-12,22:37:15,-07:00,2025-04-12T22:37:15-07:00,0,0
style.css,115,css,64bec796,roynguyenn,2025-04-12,22:37:15,-07:00,2025-04-12T22:37:15-07:00,0,31
style.css,116,css,64bec796,roynguyenn,2025-04-12,22:37:15,-07:00,2025-04-12T22:37:15-07:00,0,15
style.css,117,css,64bec796,roynguyenn,2025-04-12,22:37:15,-07:00,2025-04-12T22:37:15-07:00,0,14
style.css,118,css,64bec796,roynguyenn,2025-04-12,22:37:15,-07:00,2025-04-12T22:37:15-07:00,0,16
style.css,119,css,64bec796,roynguyenn,2025-04-12,22:37:15,-07:00,2025-04-12T22:37:15-07:00,0,22
style.css,120,css,64bec796,roynguyenn,2025-04-12,22:37:15,-07:00,2025-04-12T22:37:15-07:00,0,41
style.css,121,css,64bec796,roynguyenn,2025-04-12,22:37:15,-07:00,2025-04-12T22:37:15-07:00,0,0
style.css,122,css,64bec796,roynguyenn,2025-04-12,22:37:15,-07:00,2025-04-12T22:37:15-07:00,0,0
style.css,123,css,64bec796,roynguyenn,2025-04-12,22:37:15,-07:00,2025-04-12T22:37:15-07:00,0,23
style.css,124,css,64bec796,roynguyenn,2025-04-12,22:37:15,-07:00,2025-04-12T22:37:15-07:00,0,18
style.css,125,css,64bec796,roynguyenn,2025-04-12,22:37:15,-07:00,2025-04-12T22:37:15-07:00,0,17
style.css,126,css,64bec796,roynguyenn,2025-04-12,22:37:15,-07:00,2025-04-12T22:37:15-07:00,0,13
style.css,127,css,64bec796,roynguyenn,2025-04-12,22:37:15,-07:00,2025-04-12T22:37:15-07:00,0,0
style.css,128,css,64bec796,roynguyenn,2025-04-12,22:37:15,-07:00,2025-04-12T22:37:15-07:00,0,0
style.css,129,css,64bec796,roynguyenn,2025-04-12,22:37:15,-07:00,2025-04-12T22:37:15-07:00,0,26
style.css,130,css,64bec796,roynguyenn,2025-04-12,22:37:15,-07:00,2025-04-12T22:37:15-07:00,0,15
style.css,131,css,64bec796,roynguyenn,2025-04-12,22:37:15,-07:00,2025-04-12T22:37:15-07:00,0,20
style.css,132,css,64bec796,roynguyenn,2025-04-12,22:37:15,-07:00,2025-04-12T22:37:15-07:00,0,22
style.css,133,css,64bec796,roynguyenn,2025-04-12,22:37:15,-07:00,2025-04-12T22:37:15-07:00,0,32
style.css,134,css,ec11ecf7,roynguyenn,2025-04-18,17:14:34,-07:00,2025-04-18T17:14:34-07:00,0,0
style.css,135,css,ec11ecf7,roynguyenn,2025-04-18,17:14:34,-07:00,2025-04-18T17:14:34-07:00,0,14
style.css,136,css,ec11ecf7,roynguyenn,2025-04-18,17:14:34,-07:00,2025-04-18T17:14:34-07:00,0,18
style.css,137,css,ec11ecf7,roynguyenn,2025-04-18,17:14:34,-07:00,2025-04-18T17:14:34-07:00,0,9
style.css,138,css,ec11ecf7,roynguyenn,2025-04-18,17:14:34,-07:00,2025-04-18T17:14:34-07:00,0,11
style.css,139,css,ec11ecf7,roynguyenn,2025-04-18,17:14:34,-07:00,2025-04-18T17:14:34-07:00,0,49
style.css,140,css,ec11ecf7,roynguyenn,2025-04-18,17:14:34,-07:00,2025-04-18T17:14:34-07:00,0,55
style.css,141,css,ec11ecf7,roynguyenn,2025-04-18,17:14:34,-07:00,2025-04-18T17:14:34-07:00,0,67
style.css,142,css,ec11ecf7,roynguyenn,2025-04-18,17:14:34,-07:00,2025-04-18T17:14:34-07:00,0,0
style.css,143,css,ec11ecf7,roynguyenn,2025-04-18,17:14:34,-07:00,2025-04-18T17:14:34-07:00,0,0
style.css,144,css,ec11ecf7,roynguyenn,2025-04-18,17:14:34,-07:00,2025-04-18T17:14:34-07:00,0,57
style.css,145,css,ec11ecf7,roynguyenn,2025-04-18,17:14:34,-07:00,2025-04-18T17:14:34-07:00,0,21
style.css,146,css,ec11ecf7,roynguyenn,2025-04-18,17:14:34,-07:00,2025-04-18T17:14:34-07:00,0,13
style.css,147,css,2093fb8d,roynguyenn,2025-05-03,18:44:10,-07:00,2025-05-03T18:44:10-07:00,0,0
style.css,148,css,2093fb8d,roynguyenn,2025-05-03,18:44:10,-07:00,2025-05-03T18:44:10-07:00,0,70
style.css,149,css,2093fb8d,roynguyenn,2025-05-03,18:44:10,-07:00,2025-05-03T18:44:10-07:00,0,14
style.css,150,css,2093fb8d,roynguyenn,2025-05-03,18:44:10,-07:00,2025-05-03T18:44:10-07:00,0,13
style.css,151,css,2093fb8d,roynguyenn,2025-05-03,18:44:10,-07:00,2025-05-03T18:44:10-07:00,0,22
style.css,152,css,2093fb8d,roynguyenn,2025-05-03,18:44:10,-07:00,2025-05-03T18:44:10-07:00,0,63
style.css,153,css,2093fb8d,roynguyenn,2025-05-03,18:44:10,-07:00,2025-05-03T18:44:10-07:00,0,47
style.css,154,css,2093fb8d,roynguyenn,2025-05-03,18:44:10,-07:00,2025-05-03T18:44:10-07:00,0,0
style.css,155,css,2093fb8d,roynguyenn,2025-05-03,18:44:10,-07:00,2025-05-03T18:44:10-07:00,0,0
style.css,156,css,2093fb8d,roynguyenn,2025-05-03,18:44:10,-07:00,2025-05-03T18:44:10-07:00,0,25
style.css,157,css,2093fb8d,roynguyenn,2025-05-03,18:44:10,-07:00,2025-05-03T18:44:10-07:00,0,21
style.css,158,css,2093fb8d,roynguyenn,2025-05-03,18:44:10,-07:00,2025-05-03T18:44:10-07:00,0,9
style.css,159,css,2093fb8d,roynguyenn,2025-05-03,18:44:10,-07:00,2025-05-03T18:44:10-07:00,0,0
style.css,160,css,2093fb8d,roynguyenn,2025-05-03,18:44:10,-07:00,2025-05-03T18:44:10-07:00,0,14
style.css,161,css,2093fb8d,roynguyenn,2025-05-03,18:44:10,-07:00,2025-05-03T18:44:10-07:00,0,9
style.css,162,css,2093fb8d,roynguyenn,2025-05-03,18:44:10,-07:00,2025-05-03T18:44:10-07:00,0,11
style.css,163,css,2093fb8d,roynguyenn,2025-05-03,18:44:10,-07:00,2025-05-03T18:44:10-07:00,0,17
style.css,164,css,2093fb8d,roynguyenn,2025-05-03,18:44:10,-07:00,2025-05-03T18:44:10-07:00,0,31
style.css,165,css,2093fb8d,roynguyenn,2025-05-03,18:44:10,-07:00,2025-05-03T18:44:10-07:00,0,35
style.css,166,css,2093fb8d,roynguyenn,2025-05-03,18:44:10,-07:00,2025-05-03T18:44:10-07:00,0,0
style.css,167,css,2093fb8d,roynguyenn,2025-05-03,18:44:10,-07:00,2025-05-03T18:44:10-07:00,0,0
style.css,168,css,2093fb8d,roynguyenn,2025-05-03,18:44:10,-07:00,2025-05-03T18:44:10-07:00,0,46
style.css,169,css,2093fb8d,roynguyenn,2025-05-03,18:44:10,-07:00,2025-05-03T18:44:10-07:00,0,10
style.css,170,css,2093fb8d,roynguyenn,2025-05-03,18:44:10,-07:00,2025-05-03T18:44:10-07:00,0,13
style.css,171,css,2093fb8d,roynguyenn,2025-05-03,18:44:10,-07:00,2025-05-03T18:44:10-07:00,0,68
style.css,172,css,2093fb8d,roynguyenn,2025-05-03,18:44:10,-07:00,2025-05-03T18:44:10-07:00,0,60
style.css,173,css,2093fb8d,roynguyenn,2025-05-03,18:44:10,-07:00,2025-05-03T18:44:10-07:00,0,59
style.css,174,css,2093fb8d,roynguyenn,2025-05-03,18:44:10,-07:00,2025-05-03T18:44:10-07:00,0,65
style.css,175,css,2093fb8d,roynguyenn,2025-05-03,18:44:10,-07:00,2025-05-03T18:44:10-07:00,0,0
style.css,176,css,2093fb8d,roynguyenn,2025-05-03,18:44:10,-07:00,2025-05-03T18:44:10-07:00,0,0
style.css,177,css,2093fb8d,roynguyenn,2025-05-03,18:44:10,-07:00,2025-05-03T18:44:10-07:00,0,20
style.css,178,css,2093fb8d,roynguyenn,2025-05-03,18:44:10,-07:00,2025-05-03T18:44:10-07:00,0,18
style.css,179,css,2093fb8d,roynguyenn,2025-05-03,18:44:10,-07:00,2025-05-03T18:44:10-07:00,0,17
style.css,180,css,2093fb8d,roynguyenn,2025-05-03,18:44:10,-07:00,2025-05-03T18:44:10-07:00,0,13
style.css,181,css,2093fb8d,roynguyenn,2025-05-03,18:44:10,-07:00,2025-05-03T18:44:10-07:00,0,21
style.css,182,css,2093fb8d,roynguyenn,2025-05-03,18:44:10,-07:00,2025-05-03T18:44:10-07:00,0,47
style.css,183,css,2093fb8d,roynguyenn,2025-05-03,18:44:10,-07:00,2025-05-03T18:44:10-07:00,0,0
style.css,184,css,2093fb8d,roynguyenn,2025-05-03,18:44:10,-07:00,2025-05-03T18:44:10-07:00,0,0
style.css,185,css,2093fb8d,roynguyenn,2025-05-03,18:44:10,-07:00,2025-05-03T18:44:10-07:00,0,52
style.css,186,css,2093fb8d,roynguyenn,2025-05-03,18:44:10,-07:00,2025-05-03T18:44:10-07:00,0,10
style.css,187,css,2093fb8d,roynguyenn,2025-05-03,18:44:10,-07:00,2025-05-03T18:44:10-07:00,0,13
style.css,188,css,2093fb8d,roynguyenn,2025-05-03,18:44:10,-07:00,2025-05-03T18:44:10-07:00,0,53
style.css,189,css,2093fb8d,roynguyenn,2025-05-03,18:44:10,-07:00,2025-05-03T18:44:10-07:00,0,59
style.css,190,css,2093fb8d,roynguyenn,2025-05-03,18:44:10,-07:00,2025-05-03T18:44:10-07:00,0,61
style.css,191,css,2093fb8d,roynguyenn,2025-05-03,18:44:10,-07:00,2025-05-03T18:44:10-07:00,0,59
style.css,192,css,2093fb8d,roynguyenn,2025-05-03,18:44:10,-07:00,2025-05-03T18:44:10-07:00,0,0
style.css,193,css,2093fb8d,roynguyenn,2025-05-03,18:44:10,-07:00,2025-05-03T18:44:10-07:00,0,0
style.css,194,css,2093fb8d,roynguyenn,2025-05-03,18:44:10,-07:00,2025-05-03T18:44:10-07:00,0,57
style.css,195,css,2093fb8d,roynguyenn,2025-05-03,18:44:10,-07:00,2025-05-03T18:44:10-07:00,0,18
style.css,196,css,2093fb8d,roynguyenn,2025-05-03,18:44:10,-07:00,2025-05-03T18:44:10-07:00,0,17
style.css,197,css,2093fb8d,roynguyenn,2025-05-03,18:44:10,-07:00,2025-05-03T18:44:10-07:00,0,13
style.css,198,css,2093fb8d,roynguyenn,2025-05-03,18:44:10,-07:00,2025-05-03T18:44:10-07:00,0,21
style.css,199,css,2093fb8d,roynguyenn,2025-05-03,18:44:10,-07:00,2025-05-03T18:44:10-07:00,0,60
style.css,200,css,2093fb8d,roynguyenn,2025-05-03,18:44:10,-07:00,2025-05-03T18:44:10-07:00,0,13
style.css,201,css,2093fb8d,roynguyenn,2025-05-03,18:44:10,-07:00,2025-05-03T18:44:10-07:00,0,22
style.css,202,css,2093fb8d,roynguyenn,2025-05-03,18:44:10,-07:00,2025-05-03T18:44:10-07:00,0,62
style.css,203,css,2093fb8d,roynguyenn,2025-05-03,18:44:10,-07:00,2025-05-03T18:44:10-07:00,0,0
style.css,204,css,2093fb8d,roynguyenn,2025-05-03,18:44:10,-07:00,2025-05-03T18:44:10-07:00,0,73
style.css,205,css,2093fb8d,roynguyenn,2025-05-03,18:44:10,-07:00,2025-05-03T18:44:10-07:00,0,10
style.css,206,css,2093fb8d,roynguyenn,2025-05-03,18:44:10,-07:00,2025-05-03T18:44:10-07:00,0,13
style.css,207,css,2093fb8d,roynguyenn,2025-05-03,18:44:10,-07:00,2025-05-03T18:44:10-07:00,0,59
style.css,208,css,2093fb8d,roynguyenn,2025-05-03,18:44:10,-07:00,2025-05-03T18:44:10-07:00,0,11
style.css,209,css,2093fb8d,roynguyenn,2025-05-03,18:44:10,-07:00,2025-05-03T18:44:10-07:00,0,80
style.css,210,css,2093fb8d,roynguyenn,2025-05-03,18:44:10,-07:00,2025-05-03T18:44:10-07:00,0,0
style.css,211,css,2093fb8d,roynguyenn,2025-05-03,18:44:10,-07:00,2025-05-03T18:44:10-07:00,0,0
style.css,212,css,2093fb8d,roynguyenn,2025-05-03,18:44:10,-07:00,2025-05-03T18:44:10-07:00,0,77
style.css,213,css,2093fb8d,roynguyenn,2025-05-03,18:44:10,-07:00,2025-05-03T18:44:10-07:00,0,18
style.css,214,css,2093fb8d,roynguyenn,2025-05-03,18:44:10,-07:00,2025-05-03T18:44:10-07:00,0,13
style.css,215,css,2093fb8d,roynguyenn,2025-05-03,18:44:10,-07:00,2025-05-03T18:44:10-07:00,0,22
style.css,216,css,2093fb8d,roynguyenn,2025-05-03,18:44:10,-07:00,2025-05-03T18:44:10-07:00,0,76
style.css,217,css,2093fb8d,roynguyenn,2025-05-03,18:44:10,-07:00,2025-05-03T18:44:10-07:00,0,17
style.css,218,css,2093fb8d,roynguyenn,2025-05-03,18:44:10,-07:00,2025-05-03T18:44:10-07:00,0,13
style.css,219,css,2093fb8d,roynguyenn,2025-05-03,18:44:10,-07:00,2025-05-03T18:44:10-07:00,0,21
style.css,220,css,2093fb8d,roynguyenn,2025-05-03,18:44:10,-07:00,2025-05-03T18:44:10-07:00,0,0
style.css,221,css,2093fb8d,roynguyenn,2025-05-03,18:44:10,-07:00,2025-05-03T18:44:10-07:00,0,0
style.css,222,css,2093fb8d,roynguyenn,2025-05-03,18:44:10,-07:00,2025-05-03T18:44:10-07:00,0,50
style.css,223,css,2093fb8d,roynguyenn,2025-05-03,18:44:10,-07:00,2025-05-03T18:44:10-07:00,0,22
style.css,224,css,2093fb8d,roynguyenn,2025-05-03,18:44:10,-07:00,2025-05-03T18:44:10-07:00,0,11
style.css,225,css,2093fb8d,roynguyenn,2025-05-03,18:44:10,-07:00,2025-05-03T18:44:10-07:00,0,61
style.css,226,css,2093fb8d,roynguyenn,2025-05-03,18:44:10,-07:00,2025-05-03T18:44:10-07:00,0,55
style.css,227,css,2093fb8d,roynguyenn,2025-05-03,18:44:10,-07:00,2025-05-03T18:44:10-07:00,0,60
style.css,228,css,2093fb8d,roynguyenn,2025-05-03,18:44:10,-07:00,2025-05-03T18:44:10-07:00,0,63
style.css,229,css,2093fb8d,roynguyenn,2025-05-03,18:44:10,-07:00,2025-05-03T18:44:10-07:00,0,21
style.css,230,css,2093fb8d,roynguyenn,2025-05-03,18:44:10,-07:00,2025-05-03T18:44:10-07:00,0,0
style.css,231,css,2093fb8d,roynguyenn,2025-05-03,18:44:10,-07:00,2025-05-03T18:44:10-07:00,0,0
style.css,232,css,2093fb8d,roynguyenn,2025-05-03,18:44:10,-07:00,2025-05-03T18:44:10-07:00,0,63
style.css,233,css,2093fb8d,roynguyenn,2025-05-03,18:44:10,-07:00,2025-05-03T18:44:10-07:00,0,14
style.css,234,css,2093fb8d,roynguyenn,2025-05-03,18:44:10,-07:00,2025-05-03T18:44:10-07:00,0,13
style.css,235,css,2093fb8d,roynguyenn,2025-05-03,18:44:10,-07:00,2025-05-03T18:44:10-07:00,0,22
style.css,236,css,2093fb8d,roynguyenn,2025-05-03,18:44:10,-07:00,2025-05-03T18:44:10-07:00,0,11
style.css,237,css,2093fb8d,roynguyenn,2025-05-03,18:44:10,-07:00,2025-05-03T18:44:10-07:00,0,103
style.css,238,css,2093fb8d,roynguyenn,2025-05-03,18:44:10,-07:00,2025-05-03T18:44:10-07:00,0,0
style.css,239,css,2093fb8d,roynguyenn,2025-05-03,18:44:10,-07:00,2025-05-03T18:44:10-07:00,0,0
style.css,240,css,2093fb8d,roynguyenn,2025-05-03,18:44:10,-07:00,2025-05-03T18:44:10-07:00,0,41
style.css,241,css,2093fb8d,roynguyenn,2025-05-03,18:44:10,-07:00,2025-05-03T18:44:10-07:00,0,20
style.css,242,css,2093fb8d,roynguyenn,2025-05-03,18:44:10,-07:00,2025-05-03T18:44:10-07:00,0,14
style.css,243,css,2093fb8d,roynguyenn,2025-05-03,18:44:10,-07:00,2025-05-03T18:44:10-07:00,0,9
style.css,244,css,2093fb8d,roynguyenn,2025-05-03,18:44:10,-07:00,2025-05-03T18:44:10-07:00,0,0
style.css,245,css,2093fb8d,roynguyenn,2025-05-03,18:44:10,-07:00,2025-05-03T18:44:10-07:00,0,0
style.css,246,css,2093fb8d,roynguyenn,2025-05-03,18:44:10,-07:00,2025-05-03T18:44:10-07:00,0,44
style.css,247,css,2093fb8d,roynguyenn,2025-05-03,18:44:10,-07:00,2025-05-03T18:44:10-07:00,0,18
style.css,248,css,2093fb8d,roynguyenn,2025-05-03,18:44:10,-07:00,2025-05-03T18:44:10-07:00,0,26
style.css,249,css,2093fb8d,roynguyenn,2025-05-03,18:44:10,-07:00,2025-05-03T18:44:10-07:00,0,13
style.css,250,css,2093fb8d,roynguyenn,2025-05-03,18:44:10,-07:00,2025-05-03T18:44:10-07:00,0,22
style.css,251,css,2093fb8d,roynguyenn,2025-05-03,18:44:10,-07:00,2025-05-03T18:44:10-07:00,0,30
style.css,252,css,2093fb8d,roynguyenn,2025-05-03,18:44:10,-07:00,2025-05-03T18:44:10-07:00,0,0
style.css,253,css,2093fb8d,roynguyenn,2025-05-03,18:44:10,-07:00,2025-05-03T18:44:10-07:00,0,0
style.css,254,css,2093fb8d,roynguyenn,2025-05-03,18:44:10,-07:00,2025-05-03T18:44:10-07:00,0,31
style.css,255,css,2093fb8d,roynguyenn,2025-05-03,18:44:10,-07:00,2025-05-03T18:44:10-07:00,0,11
style.css,256,css,2093fb8d,roynguyenn,2025-05-03,18:44:10,-07:00,2025-05-03T18:44:10-07:00,0,53
style.css,257,css,2093fb8d,roynguyenn,2025-05-03,18:44:10,-07:00,2025-05-03T18:44:10-07:00,0,16
style.css,258,css,2093fb8d,roynguyenn,2025-05-03,18:44:10,-07:00,2025-05-03T18:44:10-07:00,0,59
style.css,259,css,2093fb8d,roynguyenn,2025-05-03,18:44:10,-07:00,2025-05-03T18:44:10-07:00,0,14
style.css,260,css,2093fb8d,roynguyenn,2025-05-03,18:44:10,-07:00,2025-05-03T18:44:10-07:00,0,21
style.css,261,css,2093fb8d,roynguyenn,2025-05-03,18:44:10,-07:00,2025-05-03T18:44:10-07:00,0,0
style.css,262,css,2093fb8d,roynguyenn,2025-05-03,18:44:10,-07:00,2025-05-03T18:44:10-07:00,0,0
style.css,263,css,2093fb8d,roynguyenn,2025-05-03,18:44:10,-07:00,2025-05-03T18:44:10-07:00,0,55
style.css,264,css,2093fb8d,roynguyenn,2025-05-03,18:44:10,-07:00,2025-05-03T18:44:10-07:00,0,35
style.css,265,css,2093fb8d,roynguyenn,2025-05-03,18:44:10,-07:00,2025-05-03T18:44:10-07:00,0,11
style.css,266,css,2093fb8d,roynguyenn,2025-05-03,18:44:10,-07:00,2025-05-03T18:44:10-07:00,0,12
style.css,267,css,2093fb8d,roynguyenn,2025-05-03,18:44:10,-07:00,2025-05-03T18:44:10-07:00,0,58
style.css,268,css,2093fb8d,roynguyenn,2025-05-03,18:44:10,-07:00,2025-05-03T18:44:10-07:00,0,14
style.css,269,css,2093fb8d,roynguyenn,2025-05-03,18:44:10,-07:00,2025-05-03T18:44:10-07:00,0,0
style.css,270,css,2093fb8d,roynguyenn,2025-05-03,18:44:10,-07:00,2025-05-03T18:44:10-07:00,0,0
style.css,271,css,2093fb8d,roynguyenn,2025-05-03,18:44:10,-07:00,2025-05-03T18:44:10-07:00,0,28
style.css,272,css,2093fb8d,roynguyenn,2025-05-03,18:44:10,-07:00,2025-05-03T18:44:10-07:00,0,15
style.css,273,css,2093fb8d,roynguyenn,2025-05-03,18:44:10,-07:00,2025-05-03T18:44:10-07:00,0,14
style.css,274,css,2093fb8d,roynguyenn,2025-05-03,18:44:10,-07:00,2025-05-03T18:44:10-07:00,0,45
style.css,275,css,2093fb8d,roynguyenn,2025-05-03,18:44:10,-07:00,2025-05-03T18:44:10-07:00,0,18
style.css,276,css,2093fb8d,roynguyenn,2025-05-03,18:44:10,-07:00,2025-05-03T18:44:10-07:00,0,13
style.css,277,css,2093fb8d,roynguyenn,2025-05-03,18:44:10,-07:00,2025-05-03T18:44:10-07:00,0,21
style.css,278,css,2093fb8d,roynguyenn,2025-05-03,18:44:10,-07:00,2025-05-03T18:44:10-07:00,0,0
style.css,279,css,2093fb8d,roynguyenn,2025-05-03,18:44:10,-07:00,2025-05-03T18:44:10-07:00,0,0
style.css,280,css,2093fb8d,roynguyenn,2025-05-03,18:44:10,-07:00,2025-05-03T18:44:10-07:00,0,38
style.css,281,css,2093fb8d,roynguyenn,2025-05-03,18:44:10,-07:00,2025-05-03T18:44:10-07:00,0,18
style.css,282,css,2093fb8d,roynguyenn,2025-05-03,18:44:10,-07:00,2025-05-03T18:44:10-07:00,0,13
style.css,283,css,2093fb8d,roynguyenn,2025-05-03,18:44:10,-07:00,2025-05-03T18:44:10-07:00,0,38
style.css,284,css,2093fb8d,roynguyenn,2025-05-03,18:44:10,-07:00,2025-05-03T18:44:10-07:00,0,45
style.css,285,css,2093fb8d,roynguyenn,2025-05-03,18:44:10,-07:00,2025-05-03T18:44:10-07:00,0,19
style.css,286,css,2093fb8d,roynguyenn,2025-05-03,18:44:10,-07:00,2025-05-03T18:44:10-07:00,0,0
style.css,287,css,2093fb8d,roynguyenn,2025-05-03,18:44:10,-07:00,2025-05-03T18:44:10-07:00,0,0
style.css,288,css,2093fb8d,roynguyenn,2025-05-03,18:44:10,-07:00,2025-05-03T18:44:10-07:00,0,24
style.css,289,css,2093fb8d,roynguyenn,2025-05-03,18:44:10,-07:00,2025-05-03T18:44:10-07:00,0,18
style.css,290,css,2093fb8d,roynguyenn,2025-05-03,18:44:10,-07:00,2025-05-03T18:44:10-07:00,0,16
style.css,291,css,2093fb8d,roynguyenn,2025-05-03,18:44:10,-07:00,2025-05-03T18:44:10-07:00,0,39
style.css,292,css,2093fb8d,roynguyenn,2025-05-03,18:44:10,-07:00,2025-05-03T18:44:10-07:00,0,25
style.css,293,css,2093fb8d,roynguyenn,2025-05-03,18:44:10,-07:00,2025-05-03T18:44:10-07:00,0,17
style.css,294,css,2093fb8d,roynguyenn,2025-05-03,18:44:10,-07:00,2025-05-03T18:44:10-07:00,0,9
style.css,295,css,2093fb8d,roynguyenn,2025-05-03,18:44:10,-07:00,2025-05-03T18:44:10-07:00,0,0
style.css,296,css,2093fb8d,roynguyenn,2025-05-03,18:44:10,-07:00,2025-05-03T18:44:10-07:00,0,0
style.css,297,css,2093fb8d,roynguyenn,2025-05-03,18:44:10,-07:00,2025-05-03T18:44:10-07:00,0,24
style.css,298,css,2093fb8d,roynguyenn,2025-05-03,18:44:10,-07:00,2025-05-03T18:44:10-07:00,0,18
style.css,299,css,2093fb8d,roynguyenn,2025-05-03,18:44:10,-07:00,2025-05-03T18:44:10-07:00,0,9
style.css,300,css,2093fb8d,roynguyenn,2025-05-03,18:44:10,-07:00,2025-05-03T18:44:10-07:00,0,18
style.css,301,css,2093fb8d,roynguyenn,2025-05-03,18:44:10,-07:00,2025-05-03T18:44:10-07:00,0,11
style.css,302,css,2093fb8d,roynguyenn,2025-05-03,18:44:10,-07:00,2025-05-03T18:44:10-07:00,0,0
style.css,303,css,2093fb8d,roynguyenn,2025-05-03,18:44:10,-07:00,2025-05-03T18:44:10-07:00,0,0
style.css,304,css,2093fb8d,roynguyenn,2025-05-03,18:44:10,-07:00,2025-05-03T18:44:10-07:00,0,46
style.css,305,css,2093fb8d,roynguyenn,2025-05-03,18:44:10,-07:00,2025-05-03T18:44:10-07:00,0,22
style.css,306,css,2093fb8d,roynguyenn,2025-05-03,18:44:10,-07:00,2025-05-03T18:44:10-07:00,0,18
style.css,307,css,2093fb8d,roynguyenn,2025-05-03,18:44:10,-07:00,2025-05-03T18:44:10-07:00,0,0
style.css,308,css,2093fb8d,roynguyenn,2025-05-03,18:44:10,-07:00,2025-05-03T18:44:10-07:00,0,0
style.css,309,css,2093fb8d,roynguyenn,2025-05-03,18:44:10,-07:00,2025-05-03T18:44:10-07:00,0,19
style.css,310,css,2093fb8d,roynguyenn,2025-05-03,18:44:10,-07:00,2025-05-03T18:44:10-07:00,0,15
style.css,311,css,2093fb8d,roynguyenn,2025-05-03,18:44:10,-07:00,2025-05-03T18:44:10-07:00,0,17
style.css,312,css,2093fb8d,roynguyenn,2025-05-03,18:44:10,-07:00,2025-05-03T18:44:10-07:00,0,0
style.css,313,css,2093fb8d,roynguyenn,2025-05-03,18:44:10,-07:00,2025-05-03T18:44:10-07:00,0,17
style.css,314,css,2093fb8d,roynguyenn,2025-05-03,18:44:10,-07:00,2025-05-03T18:44:10-07:00,0,0
style.css,315,css,2093fb8d,roynguyenn,2025-05-03,18:44:10,-07:00,2025-05-03T18:44:10-07:00,0,49
style.css,316,css,2093fb8d,roynguyenn,2025-05-03,18:44:10,-07:00,2025-05-03T18:44:10-07:00,0,8
style.css,317,css,2093fb8d,roynguyenn,2025-05-03,18:44:10,-07:00,2025-05-03T18:44:10-07:00,0,52
style.css,318,css,2093fb8d,roynguyenn,2025-05-03,18:44:10,-07:00,2025-05-03T18:44:10-07:00,0,62
style.css,319,css,2093fb8d,roynguyenn,2025-05-03,18:44:10,-07:00,2025-05-03T18:44:10-07:00,0,70
style.css,320,css,2093fb8d,roynguyenn,2025-05-03,18:44:10,-07:00,2025-05-03T18:44:10-07:00,0,61
style.css,321,css,2093fb8d,roynguyenn,2025-05-03,18:44:10,-07:00,2025-05-03T18:44:10-07:00,0,10
style.css,322,css,2093fb8d,roynguyenn,2025-05-03,18:44:10,-07:00,2025-05-03T18:44:10-07:00,0,13
style.css,323,css,2093fb8d,roynguyenn,2025-05-03,18:44:10,-07:00,2025-05-03T18:44:10-07:00,0,16
style.css,324,css,2093fb8d,roynguyenn,2025-05-03,18:44:10,-07:00,2025-05-03T18:44:10-07:00,0,64
style.css,325,css,2093fb8d,roynguyenn,2025-05-03,18:44:10,-07:00,2025-05-03T18:44:10-07:00,0,0
style.css,326,css,2093fb8d,roynguyenn,2025-05-03,18:44:10,-07:00,2025-05-03T18:44:10-07:00,0,0
style.css,327,css,2093fb8d,roynguyenn,2025-05-03,18:44:10,-07:00,2025-05-03T18:44:10-07:00,0,0
style.css,328,css,2093fb8d,roynguyenn,2025-05-03,18:44:10,-07:00,2025-05-03T18:44:10-07:00,0,55
style.css,329,css,2093fb8d,roynguyenn,2025-05-03,18:44:10,-07:00,2025-05-03T18:44:10-07:00,0,11
style.css,330,css,2093fb8d,roynguyenn,2025-05-03,18:44:10,-07:00,2025-05-03T18:44:10-07:00,0,73
style.css,331,css,2093fb8d,roynguyenn,2025-05-03,18:44:10,-07:00,2025-05-03T18:44:10-07:00,0,69
style.css,332,css,2093fb8d,roynguyenn,2025-05-03,18:44:10,-07:00,2025-05-03T18:44:10-07:00,0,66
style.css,333,css,2093fb8d,roynguyenn,2025-05-03,18:44:10,-07:00,2025-05-03T18:44:10-07:00,0,53
style.css,334,css,2093fb8d,roynguyenn,2025-05-03,18:44:10,-07:00,2025-05-03T18:44:10-07:00,0,19
style.css,335,css,2093fb8d,roynguyenn,2025-05-03,18:44:10,-07:00,2025-05-03T18:44:10-07:00,0,8
style.css,336,css,2093fb8d,roynguyenn,2025-05-03,18:44:10,-07:00,2025-05-03T18:44:10-07:00,0,0
style.css,337,css,2093fb8d,roynguyenn,2025-05-03,18:44:10,-07:00,2025-05-03T18:44:10-07:00,0,0
style.css,338,css,2093fb8d,roynguyenn,2025-05-03,18:44:10,-07:00,2025-05-03T18:44:10-07:00,0,71
style.css,339,css,2093fb8d,roynguyenn,2025-05-03,18:44:10,-07:00,2025-05-03T18:44:10-07:00,0,16
style.css,340,css,2093fb8d,roynguyenn,2025-05-03,18:44:10,-07:00,2025-05-03T18:44:10-07:00,0,56
style.css,341,css,2093fb8d,roynguyenn,2025-05-03,18:44:10,-07:00,2025-05-03T18:44:10-07:00,0,12
style.css,342,css,2093fb8d,roynguyenn,2025-05-03,18:44:10,-07:00,2025-05-03T18:44:10-07:00,0,62
style.css,343,css,2093fb8d,roynguyenn,2025-05-03,18:44:10,-07:00,2025-05-03T18:44:10-07:00,0,63
style.css,344,css,2093fb8d,roynguyenn,2025-05-03,18:44:10,-07:00,2025-05-03T18:44:10-07:00,0,72
style.css,345,css,2093fb8d,roynguyenn,2025-05-03,18:44:10,-07:00,2025-05-03T18:44:10-07:00,0,0
style.css,346,css,2093fb8d,roynguyenn,2025-05-03,18:44:10,-07:00,2025-05-03T18:44:10-07:00,0,0
style.css,347,css,2093fb8d,roynguyenn,2025-05-03,18:44:10,-07:00,2025-05-03T18:44:10-07:00,0,11
style.css,348,css,2093fb8d,roynguyenn,2025-05-03,18:44:10,-07:00,2025-05-03T18:44:10-07:00,0,13
style.css,349,css,2093fb8d,roynguyenn,2025-05-03,18:44:10,-07:00,2025-05-03T18:44:10-07:00,0,7
style.css,350,css,2093fb8d,roynguyenn,2025-05-03,18:44:10,-07:00,2025-05-03T18:44:10-07:00,0,102
style.css,351,css,2093fb8d,roynguyenn,2025-05-03,18:44:10,-07:00,2025-05-03T18:44:10-07:00,0,51
style.css,352,css,2093fb8d,roynguyenn,2025-05-03,18:44:10,-07:00,2025-05-03T18:44:10-07:00,0,0
style.css,353,css,2093fb8d,roynguyenn,2025-05-03,18:44:10,-07:00,2025-05-03T18:44:10-07:00,0,0
style.css,354,css,2093fb8d,roynguyenn,2025-05-03,18:44:10,-07:00,2025-05-03T18:44:10-07:00,0,18
style.css,355,css,2093fb8d,roynguyenn,2025-05-03,18:44:10,-07:00,2025-05-03T18:44:10-07:00,0,17
style.css,356,css,2093fb8d,roynguyenn,2025-05-03,18:44:10,-07:00,2025-05-03T18:44:10-07:00,0,12
style.css,357,css,2093fb8d,roynguyenn,2025-05-03,18:44:10,-07:00,2025-05-03T18:44:10-07:00,0,0
style.css,358,css,2093fb8d,roynguyenn,2025-05-03,18:44:10,-07:00,2025-05-03T18:44:10-07:00,0,0
style.css,359,css,2093fb8d,roynguyenn,2025-05-03,18:44:10,-07:00,2025-05-03T18:44:10-07:00,0,5
style.css,360,css,2093fb8d,roynguyenn,2025-05-03,18:44:10,-07:00,2025-05-03T18:44:10-07:00,0,17
style.css,361,css,2093fb8d,roynguyenn,2025-05-03,18:44:10,-07:00,2025-05-03T18:44:10-07:00,0,0
style.css,362,css,2093fb8d,roynguyenn,2025-05-03,18:44:10,-07:00,2025-05-03T18:44:10-07:00,0,0
style.css,363,css,2093fb8d,roynguyenn,2025-05-03,18:44:10,-07:00,2025-05-03T18:44:10-07:00,0,67
style.css,364,css,2093fb8d,roynguyenn,2025-05-03,18:44:10,-07:00,2025-05-03T18:44:10-07:00,0,10
style.css,365,css,2093fb8d,roynguyenn,2025-05-03,18:44:10,-07:00,2025-05-03T18:44:10-07:00,0,69
style.css,366,css,2093fb8d,roynguyenn,2025-05-03,18:44:10,-07:00,2025-05-03T18:44:10-07:00,0,0
style.css,367,css,2093fb8d,roynguyenn,2025-05-03,18:44:10,-07:00,2025-05-03T18:44:10-07:00,0,0
style.css,368,css,2093fb8d,roynguyenn,2025-05-03,18:44:10,-07:00,2025-05-03T18:44:10-07:00,0,17
style.css,369,css,2093fb8d,roynguyenn,2025-05-03,18:44:10,-07:00,2025-05-03T18:44:10-07:00,0,19
style.css,370,css,2093fb8d,roynguyenn,2025-05-03,18:44:10,-07:00,2025-05-03T18:44:10-07:00,0,81
style.css,371,css,2093fb8d,roynguyenn,2025-05-03,18:44:10,-07:00,2025-05-03T18:44:10-07:00,0,12
style.css,372,css,2093fb8d,roynguyenn,2025-05-03,18:44:10,-07:00,2025-05-03T18:44:10-07:00,0,17
style.css,373,css,2093fb8d,roynguyenn,2025-05-03,18:44:10,-07:00,2025-05-03T18:44:10-07:00,0,0
style.css,374,css,2093fb8d,roynguyenn,2025-05-03,18:44:10,-07:00,2025-05-03T18:44:10-07:00,0,0
style.css,375,css,2093fb8d,roynguyenn,2025-05-03,18:44:10,-07:00,2025-05-03T18:44:10-07:00,0,28
style.css,376,css,2093fb8d,roynguyenn,2025-05-03,18:44:10,-07:00,2025-05-03T18:44:10-07:00,0,46
style.css,377,css,2093fb8d,roynguyenn,2025-05-03,18:44:10,-07:00,2025-05-03T18:44:10-07:00,0,65
index.js,1,js,0f4bfa61,roynguyenn,2025-04-26,22:16:01,-07:00,2025-04-26T22:16:01-07:00,0,71
index.js,2,js,0f4bfa61,roynguyenn,2025-04-26,22:16:01,-07:00,2025-04-26T22:16:01-07:00,0,55
index.js,3,js,0f4bfa61,roynguyenn,2025-04-26,22:16:01,-07:00,2025-04-26T22:16:01-07:00,0,43
index.js,4,js,0f4bfa61,roynguyenn,2025-04-26,22:16:01,-07:00,2025-04-26T22:16:01-07:00,0,61
index.js,5,js,0f4bfa61,roynguyenn,2025-04-26,22:16:01,-07:00,2025-04-26T22:16:01-07:00,0,55
index.js,6,js,0f4bfa61,roynguyenn,2025-04-26,22:16:01,-07:00,2025-04-26T22:16:01-07:00,0,0
index.js,7,js,0f4bfa61,roynguyenn,2025-04-26,22:16:01,-07:00,2025-04-26T22:16:01-07:00,0,54
index.js,8,js,0f4bfa61,roynguyenn,2025-04-26,22:16:01,-07:00,2025-04-26T22:16:01-07:00,0,0
index.js,9,js,0f4bfa61,roynguyenn,2025-04-26,22:16:01,-07:00,2025-04-26T22:16:01-07:00,0,61
index.js,10,js,0f4bfa61,roynguyenn,2025-04-26,22:16:01,-07:00,2025-04-26T22:16:01-07:00,0,0
index.js,11,js,0f4bfa61,roynguyenn,2025-04-26,22:16:01,-07:00,2025-04-26T22:16:01-07:00,0,18
index.js,12,js,0f4bfa61,roynguyenn,2025-04-26,22:16:01,-07:00,2025-04-26T22:16:01-07:00,0,25
index.js,13,js,0f4bfa61,roynguyenn,2025-04-26,22:16:01,-07:00,2025-04-26T22:16:01-07:00,0,3
index.js,14,js,0f4bfa61,roynguyenn,2025-04-26,22:16:01,-07:00,2025-04-26T22:16:01-07:00,0,56
index.js,15,js,0f4bfa61,roynguyenn,2025-04-26,22:16:01,-07:00,2025-04-26T22:16:01-07:00,0,56
index.js,16,js,0f4bfa61,roynguyenn,2025-04-26,22:16:01,-07:00,2025-04-26T22:16:01-07:00,0,50
index.js,17,js,0f4bfa61,roynguyenn,2025-04-26,22:16:01,-07:00,2025-04-26T22:16:01-07:00,0,50
index.js,18,js,0f4bfa61,roynguyenn,2025-04-26,22:16:01,-07:00,2025-04-26T22:16:01-07:00,0,4
index.js,19,js,0f4bfa61,roynguyenn,2025-04-26,22:16:01,-07:00,2025-04-26T22:16:01-07:00,0,1
index.js,20,js,0f4bfa61,roynguyenn,2025-04-26,22:16:01,-07:00,2025-04-26T22:16:01-07:00,0,0
index.html,1,html,33aacad9,roynguyenn,2025-04-04,03:07:13,-07:00,2025-04-04T03:07:13-07:00,0,14
index.html,2,html,33aacad9,roynguyenn,2025-04-04,03:07:13,-07:00,2025-04-04T03:07:13-07:00,0,15
index.html,3,html,33aacad9,roynguyenn,2025-04-04,03:07:13,-07:00,2025-04-04T03:07:13-07:00,0,5
index.html,4,html,64bec796,roynguyenn,2025-04-12,22:37:15,-07:00,2025-04-12T22:37:15-07:00,0,21
index.html,5,html,64bec796,roynguyenn,2025-04-12,22:37:15,-07:00,2025-04-12T22:37:15-07:00,0,69
index.html,6,html,64bec796,roynguyenn,2025-04-12,22:37:15,-07:00,2025-04-12T22:37:15-07:00,0,55
index.html,7,html,64bec796,roynguyenn,2025-04-12,22:37:15,-07:00,2025-04-12T22:37:15-07:00,0,39
index.html,8,html,33aacad9,roynguyenn,2025-04-04,03:07:13,-07:00,2025-04-04T03:07:13-07:00,0,6
index.html,9,html,33aacad9,roynguyenn,2025-04-04,03:07:13,-07:00,2025-04-04T03:07:13-07:00,0,5
index.html,10,html,64bec796,roynguyenn,2025-04-12,22:37:15,-07:00,2025-04-12T22:37:15-07:00,0,20
index.html,11,html,64bec796,roynguyenn,2025-04-12,22:37:15,-07:00,2025-04-12T22:37:15-07:00,0,131
index.html,12,html,64bec796,roynguyenn,2025-04-12,22:37:15,-07:00,2025-04-12T22:37:15-07:00,0,66
index.html,13,html,ec11ecf7,roynguyenn,2025-04-18,17:14:34,-07:00,2025-04-18T17:14:34-07:00,0,46
index.html,14,html,0f4bfa61,roynguyenn,2025-04-26,22:16:01,-07:00,2025-04-26T22:16:01-07:00,0,23
index.html,15,html,0f4bfa61,roynguyenn,2025-04-26,22:16:01,-07:00,2025-04-26T22:16:01-07:00,0,21
index.html,16,html,0f4bfa61,roynguyenn,2025-04-26,22:16:01,-07:00,2025-04-26T22:16:01-07:00,0,51
index.html,17,html,0f4bfa61,roynguyenn,2025-04-26,22:16:01,-07:00,2025-04-26T22:16:01-07:00,0,5
index.html,18,html,0f4bfa61,roynguyenn,2025-04-26,22:16:01,-07:00,2025-04-26T22:16:01-07:00,0,23
index.html,19,html,0f4bfa61,roynguyenn,2025-04-26,22:16:01,-07:00,2025-04-26T22:16:01-07:00,0,51
index.html,20,html,0f4bfa61,roynguyenn,2025-04-26,22:16:01,-07:00,2025-04-26T22:16:01-07:00,0,5
index.html,21,html,33aacad9,roynguyenn,2025-04-04,03:07:13,-07:00,2025-04-04T03:07:13-07:00,0,6
index.html,22,html,33aacad9,roynguyenn,2025-04-04,03:07:13,-07:00,2025-04-04T03:07:13-07:00,0,6
global.js,1,js,ec11ecf7,roynguyenn,2025-04-18,17:14:34,-07:00,2025-04-18T17:14:34-07:00,0,26
global.js,2,js,ec11ecf7,roynguyenn,2025-04-18,17:14:34,-07:00,2025-04-18T17:14:34-07:00,0,0
global.js,3,js,ec11ecf7,roynguyenn,2025-04-18,17:14:34,-07:00,2025-04-18T17:14:34-07:00,0,42
global.js,4,js,ec11ecf7,roynguyenn,2025-04-18,17:14:34,-07:00,2025-04-18T17:14:34-07:00,0,53
global.js,5,js,ec11ecf7,roynguyenn,2025-04-18,17:14:34,-07:00,2025-04-18T17:14:34-07:00,0,0
global.js,6,js,ec11ecf7,roynguyenn,2025-04-18,17:14:34,-07:00,2025-04-18T17:14:34-07:00,0,0
global.js,7,js,ec11ecf7,roynguyenn,2025-04-18,17:14:34,-07:00,2025-04-18T17:14:34-07:00,0,46
global.js,8,js,ec11ecf7,roynguyenn,2025-04-18,17:14:34,-07:00,2025-04-18T17:14:34-07:00,0,14
global.js,9,js,00000000,Not Committed Yet,2025-05-10,19:01:01,-07:00,2025-05-10T19:01:01-07:00,0,40
global.js,10,js,f817fd36,roynguyenn,2025-04-18,17:22:08,-07:00,2025-04-18T17:22:08-07:00,0,50
global.js,11,js,f817fd36,roynguyenn,2025-04-18,17:22:08,-07:00,2025-04-18T17:22:08-07:00,0,50
global.js,12,js,f817fd36,roynguyenn,2025-04-18,17:22:08,-07:00,2025-04-18T17:22:08-07:00,0,50
global.js,13,js,f817fd36,roynguyenn,2025-04-18,17:22:08,-07:00,2025-04-18T17:22:08-07:00,0,50
global.js,14,js,f817fd36,roynguyenn,2025-04-18,17:22:08,-07:00,2025-04-18T17:22:08-07:00,0,60
global.js,15,js,f817fd36,roynguyenn,2025-04-18,17:22:08,-07:00,2025-04-18T17:22:08-07:00,0,1
global.js,16,js,f817fd36,roynguyenn,2025-04-18,17:22:08,-07:00,2025-04-18T17:22:08-07:00,0,0
global.js,17,js,c5ef3dec,roynguyenn,2025-04-18,17:26:00,-07:00,2025-04-18T17:26:00-07:00,0,40
global.js,18,js,c5ef3dec,roynguyenn,2025-04-18,17:26:00,-07:00,2025-04-18T17:26:00-07:00,0,28
global.js,19,js,c5ef3dec,roynguyenn,2025-04-18,17:26:00,-07:00,2025-04-18T17:26:00-07:00,0,0
global.js,20,js,c5ef3dec,roynguyenn,2025-04-18,17:26:00,-07:00,2025-04-18T17:26:00-07:00,0,66
global.js,21,js,c5ef3dec,roynguyenn,2025-04-18,17:26:00,-07:00,2025-04-18T17:26:00-07:00,0,61
global.js,22,js,c5ef3dec,roynguyenn,2025-04-18,17:26:00,-07:00,2025-04-18T17:26:00-07:00,0,59
global.js,23,js,c5ef3dec,roynguyenn,2025-04-18,17:26:00,-07:00,2025-04-18T17:26:00-07:00,0,49
global.js,24,js,c5ef3dec,roynguyenn,2025-04-18,17:26:00,-07:00,2025-04-18T17:26:00-07:00,0,0
global.js,25,js,c5ef3dec,roynguyenn,2025-04-18,17:26:00,-07:00,2025-04-18T17:26:00-07:00,0,29
global.js,26,js,c5ef3dec,roynguyenn,2025-04-18,17:26:00,-07:00,2025-04-18T17:26:00-07:00,0,24
global.js,27,js,c5ef3dec,roynguyenn,2025-04-18,17:26:00,-07:00,2025-04-18T17:26:00-07:00,0,4
global.js,28,js,c5ef3dec,roynguyenn,2025-04-18,17:26:00,-07:00,2025-04-18T17:26:00-07:00,0,17
global.js,29,js,ec11ecf7,roynguyenn,2025-04-18,17:14:34,-07:00,2025-04-18T17:14:34-07:00,0,0
global.js,30,js,ec11ecf7,roynguyenn,2025-04-18,17:14:34,-07:00,2025-04-18T17:14:34-07:00,0,41
global.js,31,js,ec11ecf7,roynguyenn,2025-04-18,17:14:34,-07:00,2025-04-18T17:14:34-07:00,0,26
global.js,32,js,ec11ecf7,roynguyenn,2025-04-18,17:14:34,-07:00,2025-04-18T17:14:34-07:00,0,0
global.js,33,js,ec11ecf7,roynguyenn,2025-04-18,17:14:34,-07:00,2025-04-18T17:14:34-07:00,0,21
global.js,34,js,ec11ecf7,roynguyenn,2025-04-18,17:14:34,-07:00,2025-04-18T17:14:34-07:00,0,34
global.js,35,js,ec11ecf7,roynguyenn,2025-04-18,17:14:34,-07:00,2025-04-18T17:14:34-07:00,0,6
global.js,36,js,ec11ecf7,roynguyenn,2025-04-18,17:14:34,-07:00,2025-04-18T17:14:34-07:00,0,19
global.js,37,js,ec11ecf7,roynguyenn,2025-04-18,17:14:34,-07:00,2025-04-18T17:14:34-07:00,0,0
global.js,38,js,ec11ecf7,roynguyenn,2025-04-18,17:14:34,-07:00,2025-04-18T17:14:34-07:00,0,37
global.js,39,js,ec11ecf7,roynguyenn,2025-04-18,17:14:34,-07:00,2025-04-18T17:14:34-07:00,0,13
global.js,40,js,ec11ecf7,roynguyenn,2025-04-18,17:14:34,-07:00,2025-04-18T17:14:34-07:00,0,23
global.js,41,js,ec11ecf7,roynguyenn,2025-04-18,17:14:34,-07:00,2025-04-18T17:14:34-07:00,0,0
global.js,42,js,ec11ecf7,roynguyenn,2025-04-18,17:14:34,-07:00,2025-04-18T17:14:34-07:00,0,24
global.js,43,js,ec11ecf7,roynguyenn,2025-04-18,17:14:34,-07:00,2025-04-18T17:14:34-07:00,0,44
global.js,44,js,ec11ecf7,roynguyenn,2025-04-18,17:14:34,-07:00,2025-04-18T17:14:34-07:00,0,14
global.js,45,js,ec11ecf7,roynguyenn,2025-04-18,17:14:34,-07:00,2025-04-18T17:14:34-07:00,0,19
global.js,46,js,ec11ecf7,roynguyenn,2025-04-18,17:14:34,-07:00,2025-04-18T17:14:34-07:00,0,0
global.js,47,js,ec11ecf7,roynguyenn,2025-04-18,17:14:34,-07:00,2025-04-18T17:14:34-07:00,0,60
global.js,48,js,ec11ecf7,roynguyenn,2025-04-18,17:14:34,-07:00,2025-04-18T17:14:34-07:00,0,26
global.js,49,js,ec11ecf7,roynguyenn,2025-04-18,17:14:34,-07:00,2025-04-18T17:14:34-07:00,0,0
global.js,50,js,ec11ecf7,roynguyenn,2025-04-18,17:14:34,-07:00,2025-04-18T17:14:34-07:00,0,0
global.js,51,js,ec11ecf7,roynguyenn,2025-04-18,17:14:34,-07:00,2025-04-18T17:14:34-07:00,0,27
global.js,52,js,ec11ecf7,roynguyenn,2025-04-18,17:14:34,-07:00,2025-04-18T17:14:34-07:00,0,30
global.js,53,js,ec11ecf7,roynguyenn,2025-04-18,17:14:34,-07:00,2025-04-18T17:14:34-07:00,0,19
global.js,54,js,ec11ecf7,roynguyenn,2025-04-18,17:14:34,-07:00,2025-04-18T17:14:34-07:00,0,29
global.js,55,js,ec11ecf7,roynguyenn,2025-04-18,17:14:34,-07:00,2025-04-18T17:14:34-07:00,0,0
global.js,56,js,ec11ecf7,roynguyenn,2025-04-18,17:14:34,-07:00,2025-04-18T17:14:34-07:00,0,0
global.js,57,js,ec11ecf7,roynguyenn,2025-04-18,17:14:34,-07:00,2025-04-18T17:14:34-07:00,0,13
global.js,58,js,ec11ecf7,roynguyenn,2025-04-18,17:14:34,-07:00,2025-04-18T17:14:34-07:00,0,0
global.js,59,js,ec11ecf7,roynguyenn,2025-04-18,17:14:34,-07:00,2025-04-18T17:14:34-07:00,0,0
global.js,60,js,ec11ecf7,roynguyenn,2025-04-18,17:14:34,-07:00,2025-04-18T17:14:34-07:00,0,45
global.js,61,js,ec11ecf7,roynguyenn,2025-04-18,17:14:34,-07:00,2025-04-18T17:14:34-07:00,0,32
global.js,62,js,ec11ecf7,roynguyenn,2025-04-18,17:14:34,-07:00,2025-04-18T17:14:34-07:00,0,12
global.js,63,js,ec11ecf7,roynguyenn,2025-04-18,17:14:34,-07:00,2025-04-18T17:14:34-07:00,0,0
global.js,64,js,ec11ecf7,roynguyenn,2025-04-18,17:14:34,-07:00,2025-04-18T17:14:34-07:00,0,27
global.js,65,js,ec11ecf7,roynguyenn,2025-04-18,17:14:34,-07:00,2025-04-18T17:14:34-07:00,0,5
global.js,66,js,ec11ecf7,roynguyenn,2025-04-18,17:14:34,-07:00,2025-04-18T17:14:34-07:00,0,7
global.js,67,js,ec11ecf7,roynguyenn,2025-04-18,17:14:34,-07:00,2025-04-18T17:14:34-07:00,0,44
global.js,68,js,ec11ecf7,roynguyenn,2025-04-18,17:14:34,-07:00,2025-04-18T17:14:34-07:00,0,35
global.js,69,js,ec11ecf7,roynguyenn,2025-04-18,17:14:34,-07:00,2025-04-18T17:14:34-07:00,0,33
global.js,70,js,ec11ecf7,roynguyenn,2025-04-18,17:14:34,-07:00,2025-04-18T17:14:34-07:00,0,8
global.js,71,js,ec11ecf7,roynguyenn,2025-04-18,17:14:34,-07:00,2025-04-18T17:14:34-07:00,0,7
global.js,72,js,ec11ecf7,roynguyenn,2025-04-18,17:14:34,-07:00,2025-04-18T17:14:34-07:00,0,0
global.js,73,js,ec11ecf7,roynguyenn,2025-04-18,17:14:34,-07:00,2025-04-18T17:14:34-07:00,0,1
global.js,74,js,ec11ecf7,roynguyenn,2025-04-18,17:14:34,-07:00,2025-04-18T17:14:34-07:00,0,0
global.js,75,js,ec11ecf7,roynguyenn,2025-04-18,17:14:34,-07:00,2025-04-18T17:14:34-07:00,0,64
global.js,76,js,ec11ecf7,roynguyenn,2025-04-18,17:14:34,-07:00,2025-04-18T17:14:34-07:00,0,61
global.js,77,js,ec11ecf7,roynguyenn,2025-04-18,17:14:34,-07:00,2025-04-18T17:14:34-07:00,0,0
global.js,78,js,ec11ecf7,roynguyenn,2025-04-18,17:14:34,-07:00,2025-04-18T17:14:34-07:00,0,32
global.js,79,js,ec11ecf7,roynguyenn,2025-04-18,17:14:34,-07:00,2025-04-18T17:14:34-07:00,0,55
global.js,80,js,ec11ecf7,roynguyenn,2025-04-18,17:14:34,-07:00,2025-04-18T17:14:34-07:00,0,17
global.js,81,js,ec11ecf7,roynguyenn,2025-04-18,17:14:34,-07:00,2025-04-18T17:14:34-07:00,0,71
global.js,82,js,ec11ecf7,roynguyenn,2025-04-18,17:14:34,-07:00,2025-04-18T17:14:34-07:00,0,26
global.js,83,js,ec11ecf7,roynguyenn,2025-04-18,17:14:34,-07:00,2025-04-18T17:14:34-07:00,0,0
global.js,84,js,ec11ecf7,roynguyenn,2025-04-18,17:14:34,-07:00,2025-04-18T17:14:34-07:00,0,0
global.js,85,js,ec11ecf7,roynguyenn,2025-04-18,17:14:34,-07:00,2025-04-18T17:14:34-07:00,0,40
global.js,86,js,ec11ecf7,roynguyenn,2025-04-18,17:14:34,-07:00,2025-04-18T17:14:34-07:00,0,29
global.js,87,js,ec11ecf7,roynguyenn,2025-04-18,17:14:34,-07:00,2025-04-18T17:14:34-07:00,0,66
global.js,88,js,ec11ecf7,roynguyenn,2025-04-18,17:14:34,-07:00,2025-04-18T17:14:34-07:00,0,49
global.js,89,js,ec11ecf7,roynguyenn,2025-04-18,17:14:34,-07:00,2025-04-18T17:14:34-07:00,0,43
global.js,90,js,ec11ecf7,roynguyenn,2025-04-18,17:14:34,-07:00,2025-04-18T17:14:34-07:00,0,46
global.js,91,js,ec11ecf7,roynguyenn,2025-04-18,17:14:34,-07:00,2025-04-18T17:14:34-07:00,0,2
global.js,92,js,ec11ecf7,roynguyenn,2025-04-18,17:14:34,-07:00,2025-04-18T17:14:34-07:00,0,0
global.js,93,js,ec11ecf7,roynguyenn,2025-04-18,17:14:34,-07:00,2025-04-18T17:14:34-07:00,0,29
global.js,94,js,ec11ecf7,roynguyenn,2025-04-18,17:14:34,-07:00,2025-04-18T17:14:34-07:00,0,43
global.js,95,js,ec11ecf7,roynguyenn,2025-04-18,17:14:34,-07:00,2025-04-18T17:14:34-07:00,0,42
global.js,96,js,ec11ecf7,roynguyenn,2025-04-18,17:14:34,-07:00,2025-04-18T17:14:34-07:00,0,22
global.js,97,js,ec11ecf7,roynguyenn,2025-04-18,17:14:34,-07:00,2025-04-18T17:14:34-07:00,0,0
global.js,98,js,ec11ecf7,roynguyenn,2025-04-18,17:14:34,-07:00,2025-04-18T17:14:34-07:00,0,23
global.js,99,js,ec11ecf7,roynguyenn,2025-04-18,17:14:34,-07:00,2025-04-18T17:14:34-07:00,0,34
global.js,100,js,ec11ecf7,roynguyenn,2025-04-18,17:14:34,-07:00,2025-04-18T17:14:34-07:00,0,65
global.js,101,js,ec11ecf7,roynguyenn,2025-04-18,17:14:34,-07:00,2025-04-18T17:14:34-07:00,0,18
global.js,102,js,ec11ecf7,roynguyenn,2025-04-18,17:14:34,-07:00,2025-04-18T17:14:34-07:00,0,0
global.js,103,js,ec11ecf7,roynguyenn,2025-04-18,17:14:34,-07:00,2025-04-18T17:14:34-07:00,0,32
global.js,104,js,ec11ecf7,roynguyenn,2025-04-18,17:14:34,-07:00,2025-04-18T17:14:34-07:00,0,34
global.js,105,js,ec11ecf7,roynguyenn,2025-04-18,17:14:34,-07:00,2025-04-18T17:14:34-07:00,0,20
global.js,106,js,ec11ecf7,roynguyenn,2025-04-18,17:14:34,-07:00,2025-04-18T17:14:34-07:00,0,29
global.js,107,js,ec11ecf7,roynguyenn,2025-04-18,17:14:34,-07:00,2025-04-18T17:14:34-07:00,0,11
global.js,108,js,ec11ecf7,roynguyenn,2025-04-18,17:14:34,-07:00,2025-04-18T17:14:34-07:00,0,25
global.js,109,js,ec11ecf7,roynguyenn,2025-04-18,17:14:34,-07:00,2025-04-18T17:14:34-07:00,0,4
global.js,110,js,ec11ecf7,roynguyenn,2025-04-18,17:14:34,-07:00,2025-04-18T17:14:34-07:00,0,24
global.js,111,js,ec11ecf7,roynguyenn,2025-04-18,17:14:34,-07:00,2025-04-18T17:14:34-07:00,0,1
global.js,112,js,ec11ecf7,roynguyenn,2025-04-18,17:14:34,-07:00,2025-04-18T17:14:34-07:00,0,0
global.js,113,js,ec11ecf7,roynguyenn,2025-04-18,17:14:34,-07:00,2025-04-18T17:14:34-07:00,0,0
global.js,114,js,ec11ecf7,roynguyenn,2025-04-18,17:14:34,-07:00,2025-04-18T17:14:34-07:00,0,49
global.js,115,js,ec11ecf7,roynguyenn,2025-04-18,17:14:34,-07:00,2025-04-18T17:14:34-07:00,0,0
global.js,116,js,ec11ecf7,roynguyenn,2025-04-18,17:14:34,-07:00,2025-04-18T17:14:34-07:00,0,11
global.js,117,js,ec11ecf7,roynguyenn,2025-04-18,17:14:34,-07:00,2025-04-18T17:14:34-07:00,0,25
global.js,118,js,ec11ecf7,roynguyenn,2025-04-18,17:14:34,-07:00,2025-04-18T17:14:34-07:00,0,2
global.js,119,js,0f4bfa61,roynguyenn,2025-04-26,22:16:01,-07:00,2025-04-26T22:16:01-07:00,0,0
global.js,120,js,0f4bfa61,roynguyenn,2025-04-26,22:16:01,-07:00,2025-04-26T22:16:01-07:00,0,37
global.js,121,js,0f4bfa61,roynguyenn,2025-04-26,22:16:01,-07:00,2025-04-26T22:16:01-07:00,0,4
global.js,122,js,0f4bfa61,roynguyenn,2025-04-26,22:16:01,-07:00,2025-04-26T22:16:01-07:00,0,33
global.js,123,js,0f4bfa61,roynguyenn,2025-04-26,22:16:01,-07:00,2025-04-26T22:16:01-07:00,0,57
global.js,124,js,0f4bfa61,roynguyenn,2025-04-26,22:16:01,-07:00,2025-04-26T22:16:01-07:00,0,18
global.js,125,js,0f4bfa61,roynguyenn,2025-04-26,22:16:01,-07:00,2025-04-26T22:16:01-07:00,0,84
global.js,126,js,0f4bfa61,roynguyenn,2025-04-26,22:16:01,-07:00,2025-04-26T22:16:01-07:00,0,0
global.js,127,js,0f4bfa61,roynguyenn,2025-04-26,22:16:01,-07:00,2025-04-26T22:16:01-07:00,0,34
global.js,128,js,0f4bfa61,roynguyenn,2025-04-26,22:16:01,-07:00,2025-04-26T22:16:01-07:00,0,11
global.js,129,js,0f4bfa61,roynguyenn,2025-04-26,22:16:01,-07:00,2025-04-26T22:16:01-07:00,0,16
global.js,130,js,0f4bfa61,roynguyenn,2025-04-26,22:16:01,-07:00,2025-04-26T22:16:01-07:00,0,9
global.js,131,js,0f4bfa61,roynguyenn,2025-04-26,22:16:01,-07:00,2025-04-26T22:16:01-07:00,0,0
global.js,132,js,0f4bfa61,roynguyenn,2025-04-26,22:16:01,-07:00,2025-04-26T22:16:01-07:00,0,0
global.js,133,js,0f4bfa61,roynguyenn,2025-04-26,22:16:01,-07:00,2025-04-26T22:16:01-07:00,0,0
global.js,134,js,0f4bfa61,roynguyenn,2025-04-26,22:16:01,-07:00,2025-04-26T22:16:01-07:00,0,80
global.js,135,js,2093fb8d,roynguyenn,2025-05-03,18:44:10,-07:00,2025-05-03T18:44:10-07:00,0,55
global.js,136,js,0f4bfa61,roynguyenn,2025-04-26,22:16:01,-07:00,2025-04-26T22:16:01-07:00,0,31
global.js,137,js,2093fb8d,roynguyenn,2025-05-03,18:44:10,-07:00,2025-05-03T18:44:10-07:00,0,58
global.js,138,js,0f4bfa61,roynguyenn,2025-04-26,22:16:01,-07:00,2025-04-26T22:16:01-07:00,0,49
global.js,139,js,0f4bfa61,roynguyenn,2025-04-26,22:16:01,-07:00,2025-04-26T22:16:01-07:00,0,20
global.js,140,js,0f4bfa61,roynguyenn,2025-04-26,22:16:01,-07:00,2025-04-26T22:16:01-07:00,0,42
global.js,141,js,2093fb8d,roynguyenn,2025-05-03,18:44:10,-07:00,2025-05-03T18:44:10-07:00,0,0
global.js,142,js,2093fb8d,roynguyenn,2025-05-03,18:44:10,-07:00,2025-05-03T18:44:10-07:00,0,24
global.js,143,js,2093fb8d,roynguyenn,2025-05-03,18:44:10,-07:00,2025-05-03T18:44:10-07:00,0,36
global.js,144,js,2093fb8d,roynguyenn,2025-05-03,18:44:10,-07:00,2025-05-03T18:44:10-07:00,0,5
global.js,145,js,2093fb8d,roynguyenn,2025-05-03,18:44:10,-07:00,2025-05-03T18:44:10-07:00,0,0
global.js,146,js,2093fb8d,roynguyenn,2025-05-03,18:44:10,-07:00,2025-05-03T18:44:10-07:00,0,25
global.js,147,js,2093fb8d,roynguyenn,2025-05-03,18:44:10,-07:00,2025-05-03T18:44:10-07:00,0,48
global.js,148,js,2093fb8d,roynguyenn,2025-05-03,18:44:10,-07:00,2025-05-03T18:44:10-07:00,0,34
global.js,149,js,2093fb8d,roynguyenn,2025-05-03,18:44:10,-07:00,2025-05-03T18:44:10-07:00,0,5
global.js,150,js,0f4bfa61,roynguyenn,2025-04-26,22:16:01,-07:00,2025-04-26T22:16:01-07:00,0,1
global.js,151,js,0f4bfa61,roynguyenn,2025-04-26,22:16:01,-07:00,2025-04-26T22:16:01-07:00,0,37
global.js,152,js,0f4bfa61,roynguyenn,2025-04-26,22:16:01,-07:00,2025-04-26T22:16:01-07:00,0,2
global.js,153,js,0f4bfa61,roynguyenn,2025-04-26,22:16:01,-07:00,2025-04-26T22:16:01-07:00,0,0
global.js,154,js,0f4bfa61,roynguyenn,2025-04-26,22:16:01,-07:00,2025-04-26T22:16:01-07:00,0,0
global.js,155,js,2093fb8d,roynguyenn,2025-05-03,18:44:10,-07:00,2025-05-03T18:44:10-07:00,0,0
global.js,156,js,2093fb8d,roynguyenn,2025-05-03,18:44:10,-07:00,2025-05-03T18:44:10-07:00,0,0
global.js,157,js,0f4bfa61,roynguyenn,2025-04-26,22:16:01,-07:00,2025-04-26T22:16:01-07:00,0,48
global.js,158,js,0f4bfa61,roynguyenn,2025-04-26,22:16:01,-07:00,2025-04-26T22:16:01-07:00,0,23
global.js,159,js,0f4bfa61,roynguyenn,2025-04-26,22:16:01,-07:00,2025-04-26T22:16:01-07:00,0,60
global.js,160,js,0f4bfa61,roynguyenn,2025-04-26,22:16:01,-07:00,2025-04-26T22:16:01-07:00,0,0
global.js,161,js,0f4bfa61,roynguyenn,2025-04-26,22:16:01,-07:00,2025-04-26T22:16:01-07:00,0,0
resume\index.html,1,html,66f40549,roynguyenn,2025-04-04,19:41:39,-07:00,2025-04-04T19:41:39-07:00,0,14
resume\index.html,2,html,66f40549,roynguyenn,2025-04-04,19:41:39,-07:00,2025-04-04T19:41:39-07:00,0,15
resume\index.html,3,html,66f40549,roynguyenn,2025-04-04,19:41:39,-07:00,2025-04-04T19:41:39-07:00,0,5
resume\index.html,4,html,64bec796,roynguyenn,2025-04-12,22:37:15,-07:00,2025-04-12T22:37:15-07:00,0,21
resume\index.html,5,html,64bec796,roynguyenn,2025-04-12,22:37:15,-07:00,2025-04-12T22:37:15-07:00,0,69
resume\index.html,6,html,64bec796,roynguyenn,2025-04-12,22:37:15,-07:00,2025-04-12T22:37:15-07:00,0,20
resume\index.html,7,html,64bec796,roynguyenn,2025-04-12,22:37:15,-07:00,2025-04-12T22:37:15-07:00,0,58
resume\index.html,8,html,64bec796,roynguyenn,2025-04-12,22:37:15,-07:00,2025-04-12T22:37:15-07:00,0,42
resume\index.html,9,html,66f40549,roynguyenn,2025-04-04,19:41:39,-07:00,2025-04-04T19:41:39-07:00,0,6
resume\index.html,10,html,64bec796,roynguyenn,2025-04-12,22:37:15,-07:00,2025-04-12T22:37:15-07:00,0,25
resume\index.html,11,html,64bec796,roynguyenn,2025-04-12,22:37:15,-07:00,2025-04-12T22:37:15-07:00,0,23
resume\index.html,12,html,ec11ecf7,roynguyenn,2025-04-18,17:14:34,-07:00,2025-04-18T17:14:34-07:00,0,0
resume\index.html,13,html,64bec796,roynguyenn,2025-04-12,22:37:15,-07:00,2025-04-12T22:37:15-07:00,0,0
resume\index.html,14,html,64bec796,roynguyenn,2025-04-12,22:37:15,-07:00,2025-04-12T22:37:15-07:00,0,20
resume\index.html,15,html,64bec796,roynguyenn,2025-04-12,22:37:15,-07:00,2025-04-12T22:37:15-07:00,0,7
resume\index.html,16,html,64bec796,roynguyenn,2025-04-12,22:37:15,-07:00,2025-04-12T22:37:15-07:00,0,48
resume\index.html,17,html,64bec796,roynguyenn,2025-04-12,22:37:15,-07:00,2025-04-12T22:37:15-07:00,0,8
resume\index.html,18,html,64bec796,roynguyenn,2025-04-12,22:37:15,-07:00,2025-04-12T22:37:15-07:00,0,0
resume\index.html,19,html,64bec796,roynguyenn,2025-04-12,22:37:15,-07:00,2025-04-12T22:37:15-07:00,0,8
resume\index.html,20,html,64bec796,roynguyenn,2025-04-12,22:37:15,-07:00,2025-04-12T22:37:15-07:00,0,17
resume\index.html,21,html,64bec796,roynguyenn,2025-04-12,22:37:15,-07:00,2025-04-12T22:37:15-07:00,0,8
resume\index.html,22,html,64bec796,roynguyenn,2025-04-12,22:37:15,-07:00,2025-04-12T22:37:15-07:00,0,43
resume\index.html,23,html,64bec796,roynguyenn,2025-04-12,22:37:15,-07:00,2025-04-12T22:37:15-07:00,0,84
resume\index.html,24,html,64bec796,roynguyenn,2025-04-12,22:37:15,-07:00,2025-04-12T22:37:15-07:00,0,17
resume\index.html,25,html,64bec796,roynguyenn,2025-04-12,22:37:15,-07:00,2025-04-12T22:37:15-07:00,0,2
resume\index.html,26,html,64bec796,roynguyenn,2025-04-12,22:37:15,-07:00,2025-04-12T22:37:15-07:00,0,163
resume\index.html,27,html,64bec796,roynguyenn,2025-04-12,22:37:15,-07:00,2025-04-12T22:37:15-07:00,0,3
resume\index.html,28,html,64bec796,roynguyenn,2025-04-12,22:37:15,-07:00,2025-04-12T22:37:15-07:00,0,9
resume\index.html,29,html,64bec796,roynguyenn,2025-04-12,22:37:15,-07:00,2025-04-12T22:37:15-07:00,0,9
resume\index.html,30,html,66f40549,roynguyenn,2025-04-04,19:41:39,-07:00,2025-04-04T19:41:39-07:00,0,0
resume\index.html,31,html,64bec796,roynguyenn,2025-04-12,22:37:15,-07:00,2025-04-12T22:37:15-07:00,0,8
resume\index.html,32,html,64bec796,roynguyenn,2025-04-12,22:37:15,-07:00,2025-04-12T22:37:15-07:00,0,23
resume\index.html,33,html,64bec796,roynguyenn,2025-04-12,22:37:15,-07:00,2025-04-12T22:37:15-07:00,0,8
resume\index.html,34,html,64bec796,roynguyenn,2025-04-12,22:37:15,-07:00,2025-04-12T22:37:15-07:00,0,20
resume\index.html,35,html,64bec796,roynguyenn,2025-04-12,22:37:15,-07:00,2025-04-12T22:37:15-07:00,0,82
resume\index.html,36,html,64bec796,roynguyenn,2025-04-12,22:37:15,-07:00,2025-04-12T22:37:15-07:00,0,3
resume\index.html,37,html,64bec796,roynguyenn,2025-04-12,22:37:15,-07:00,2025-04-12T22:37:15-07:00,0,125
resume\index.html,38,html,64bec796,roynguyenn,2025-04-12,22:37:15,-07:00,2025-04-12T22:37:15-07:00,0,97
resume\index.html,39,html,64bec796,roynguyenn,2025-04-12,22:37:15,-07:00,2025-04-12T22:37:15-07:00,0,112
resume\index.html,40,html,64bec796,roynguyenn,2025-04-12,22:37:15,-07:00,2025-04-12T22:37:15-07:00,0,4
resume\index.html,41,html,64bec796,roynguyenn,2025-04-12,22:37:15,-07:00,2025-04-12T22:37:15-07:00,0,9
resume\index.html,42,html,64bec796,roynguyenn,2025-04-12,22:37:15,-07:00,2025-04-12T22:37:15-07:00,0,8
resume\index.html,43,html,64bec796,roynguyenn,2025-04-12,22:37:15,-07:00,2025-04-12T22:37:15-07:00,0,25
resume\index.html,44,html,64bec796,roynguyenn,2025-04-12,22:37:15,-07:00,2025-04-12T22:37:15-07:00,0,83
resume\index.html,45,html,64bec796,roynguyenn,2025-04-12,22:37:15,-07:00,2025-04-12T22:37:15-07:00,0,3
resume\index.html,46,html,64bec796,roynguyenn,2025-04-12,22:37:15,-07:00,2025-04-12T22:37:15-07:00,0,100
resume\index.html,47,html,64bec796,roynguyenn,2025-04-12,22:37:15,-07:00,2025-04-12T22:37:15-07:00,0,87
resume\index.html,48,html,64bec796,roynguyenn,2025-04-12,22:37:15,-07:00,2025-04-12T22:37:15-07:00,0,91
resume\index.html,49,html,64bec796,roynguyenn,2025-04-12,22:37:15,-07:00,2025-04-12T22:37:15-07:00,0,4
resume\index.html,50,html,64bec796,roynguyenn,2025-04-12,22:37:15,-07:00,2025-04-12T22:37:15-07:00,0,9
resume\index.html,51,html,64bec796,roynguyenn,2025-04-12,22:37:15,-07:00,2025-04-12T22:37:15-07:00,0,9
resume\index.html,52,html,64bec796,roynguyenn,2025-04-12,22:37:15,-07:00,2025-04-12T22:37:15-07:00,0,0
resume\index.html,53,html,64bec796,roynguyenn,2025-04-12,22:37:15,-07:00,2025-04-12T22:37:15-07:00,0,8
resume\index.html,54,html,64bec796,roynguyenn,2025-04-12,22:37:15,-07:00,2025-04-12T22:37:15-07:00,0,16
resume\index.html,55,html,64bec796,roynguyenn,2025-04-12,22:37:15,-07:00,2025-04-12T22:37:15-07:00,0,8
resume\index.html,56,html,64bec796,roynguyenn,2025-04-12,22:37:15,-07:00,2025-04-12T22:37:15-07:00,0,57
resume\index.html,57,html,64bec796,roynguyenn,2025-04-12,22:37:15,-07:00,2025-04-12T22:37:15-07:00,0,86
resume\index.html,58,html,64bec796,roynguyenn,2025-04-12,22:37:15,-07:00,2025-04-12T22:37:15-07:00,0,3
resume\index.html,59,html,64bec796,roynguyenn,2025-04-12,22:37:15,-07:00,2025-04-12T22:37:15-07:00,0,134
resume\index.html,60,html,64bec796,roynguyenn,2025-04-12,22:37:15,-07:00,2025-04-12T22:37:15-07:00,0,90
resume\index.html,61,html,64bec796,roynguyenn,2025-04-12,22:37:15,-07:00,2025-04-12T22:37:15-07:00,0,90
resume\index.html,62,html,64bec796,roynguyenn,2025-04-12,22:37:15,-07:00,2025-04-12T22:37:15-07:00,0,59
resume\index.html,63,html,64bec796,roynguyenn,2025-04-12,22:37:15,-07:00,2025-04-12T22:37:15-07:00,0,4
resume\index.html,64,html,64bec796,roynguyenn,2025-04-12,22:37:15,-07:00,2025-04-12T22:37:15-07:00,0,9
resume\index.html,65,html,64bec796,roynguyenn,2025-04-12,22:37:15,-07:00,2025-04-12T22:37:15-07:00,0,8
resume\index.html,66,html,64bec796,roynguyenn,2025-04-12,22:37:15,-07:00,2025-04-12T22:37:15-07:00,0,78
resume\index.html,67,html,64bec796,roynguyenn,2025-04-12,22:37:15,-07:00,2025-04-12T22:37:15-07:00,0,88
resume\index.html,68,html,64bec796,roynguyenn,2025-04-12,22:37:15,-07:00,2025-04-12T22:37:15-07:00,0,3
resume\index.html,69,html,64bec796,roynguyenn,2025-04-12,22:37:15,-07:00,2025-04-12T22:37:15-07:00,0,92
resume\index.html,70,html,64bec796,roynguyenn,2025-04-12,22:37:15,-07:00,2025-04-12T22:37:15-07:00,0,91
resume\index.html,71,html,64bec796,roynguyenn,2025-04-12,22:37:15,-07:00,2025-04-12T22:37:15-07:00,0,82
resume\index.html,72,html,64bec796,roynguyenn,2025-04-12,22:37:15,-07:00,2025-04-12T22:37:15-07:00,0,4
resume\index.html,73,html,64bec796,roynguyenn,2025-04-12,22:37:15,-07:00,2025-04-12T22:37:15-07:00,0,9
resume\index.html,74,html,64bec796,roynguyenn,2025-04-12,22:37:15,-07:00,2025-04-12T22:37:15-07:00,0,8
resume\index.html,75,html,64bec796,roynguyenn,2025-04-12,22:37:15,-07:00,2025-04-12T22:37:15-07:00,0,41
resume\index.html,76,html,64bec796,roynguyenn,2025-04-12,22:37:15,-07:00,2025-04-12T22:37:15-07:00,0,91
resume\index.html,77,html,64bec796,roynguyenn,2025-04-12,22:37:15,-07:00,2025-04-12T22:37:15-07:00,0,3
resume\index.html,78,html,64bec796,roynguyenn,2025-04-12,22:37:15,-07:00,2025-04-12T22:37:15-07:00,0,87
resume\index.html,79,html,64bec796,roynguyenn,2025-04-12,22:37:15,-07:00,2025-04-12T22:37:15-07:00,0,70
resume\index.html,80,html,64bec796,roynguyenn,2025-04-12,22:37:15,-07:00,2025-04-12T22:37:15-07:00,0,86
resume\index.html,81,html,64bec796,roynguyenn,2025-04-12,22:37:15,-07:00,2025-04-12T22:37:15-07:00,0,86
resume\index.html,82,html,64bec796,roynguyenn,2025-04-12,22:37:15,-07:00,2025-04-12T22:37:15-07:00,0,4
resume\index.html,83,html,64bec796,roynguyenn,2025-04-12,22:37:15,-07:00,2025-04-12T22:37:15-07:00,0,9
resume\index.html,84,html,64bec796,roynguyenn,2025-04-12,22:37:15,-07:00,2025-04-12T22:37:15-07:00,0,8
resume\index.html,85,html,64bec796,roynguyenn,2025-04-12,22:37:15,-07:00,2025-04-12T22:37:15-07:00,0,26
resume\index.html,86,html,64bec796,roynguyenn,2025-04-12,22:37:15,-07:00,2025-04-12T22:37:15-07:00,0,89
resume\index.html,87,html,64bec796,roynguyenn,2025-04-12,22:37:15,-07:00,2025-04-12T22:37:15-07:00,0,3
resume\index.html,88,html,64bec796,roynguyenn,2025-04-12,22:37:15,-07:00,2025-04-12T22:37:15-07:00,0,72
resume\index.html,89,html,64bec796,roynguyenn,2025-04-12,22:37:15,-07:00,2025-04-12T22:37:15-07:00,0,98
resume\index.html,90,html,64bec796,roynguyenn,2025-04-12,22:37:15,-07:00,2025-04-12T22:37:15-07:00,0,94
resume\index.html,91,html,64bec796,roynguyenn,2025-04-12,22:37:15,-07:00,2025-04-12T22:37:15-07:00,0,4
resume\index.html,92,html,64bec796,roynguyenn,2025-04-12,22:37:15,-07:00,2025-04-12T22:37:15-07:00,0,9
resume\index.html,93,html,64bec796,roynguyenn,2025-04-12,22:37:15,-07:00,2025-04-12T22:37:15-07:00,0,9
resume\index.html,94,html,64bec796,roynguyenn,2025-04-12,22:37:15,-07:00,2025-04-12T22:37:15-07:00,0,0
resume\index.html,95,html,64bec796,roynguyenn,2025-04-12,22:37:15,-07:00,2025-04-12T22:37:15-07:00,0,8
resume\index.html,96,html,64bec796,roynguyenn,2025-04-12,22:37:15,-07:00,2025-04-12T22:37:15-07:00,0,24
resume\index.html,97,html,64bec796,roynguyenn,2025-04-12,22:37:15,-07:00,2025-04-12T22:37:15-07:00,0,8
resume\index.html,98,html,64bec796,roynguyenn,2025-04-12,22:37:15,-07:00,2025-04-12T22:37:15-07:00,0,41
resume\index.html,99,html,64bec796,roynguyenn,2025-04-12,22:37:15,-07:00,2025-04-12T22:37:15-07:00,0,31
resume\index.html,100,html,64bec796,roynguyenn,2025-04-12,22:37:15,-07:00,2025-04-12T22:37:15-07:00,0,88
resume\index.html,101,html,64bec796,roynguyenn,2025-04-12,22:37:15,-07:00,2025-04-12T22:37:15-07:00,0,96
resume\index.html,102,html,64bec796,roynguyenn,2025-04-12,22:37:15,-07:00,2025-04-12T22:37:15-07:00,0,9
resume\index.html,103,html,64bec796,roynguyenn,2025-04-12,22:37:15,-07:00,2025-04-12T22:37:15-07:00,0,9
resume\index.html,104,html,ec11ecf7,roynguyenn,2025-04-18,17:14:34,-07:00,2025-04-18T17:14:34-07:00,0,49
resume\index.html,105,html,64bec796,roynguyenn,2025-04-12,22:37:15,-07:00,2025-04-12T22:37:15-07:00,0,6
resume\index.html,106,html,64bec796,roynguyenn,2025-04-12,22:37:15,-07:00,2025-04-12T22:37:15-07:00,0,6
projects\projects.js,1,js,0f4bfa61,roynguyenn,2025-04-26,22:16:01,-07:00,2025-04-26T22:16:01-07:00,0,13
projects\projects.js,2,js,0f4bfa61,roynguyenn,2025-04-26,22:16:01,-07:00,2025-04-26T22:16:01-07:00,0,56
projects\projects.js,3,js,2093fb8d,roynguyenn,2025-05-03,18:44:10,-07:00,2025-05-03T18:44:10-07:00,0,64
projects\projects.js,4,js,2093fb8d,roynguyenn,2025-05-03,18:44:10,-07:00,2025-05-03T18:44:10-07:00,0,54
projects\projects.js,5,js,0f4bfa61,roynguyenn,2025-04-26,22:16:01,-07:00,2025-04-26T22:16:01-07:00,0,0
projects\projects.js,6,js,2093fb8d,roynguyenn,2025-05-03,18:44:10,-07:00,2025-05-03T18:44:10-07:00,0,61
projects\projects.js,7,js,2093fb8d,roynguyenn,2025-05-03,18:44:10,-07:00,2025-05-03T18:44:10-07:00,0,55
projects\projects.js,8,js,0f4bfa61,roynguyenn,2025-04-26,22:16:01,-07:00,2025-04-26T22:16:01-07:00,0,0
projects\projects.js,9,js,2093fb8d,roynguyenn,2025-05-03,18:44:10,-07:00,2025-05-03T18:44:10-07:00,0,57
projects\projects.js,10,js,2093fb8d,roynguyenn,2025-05-03,18:44:10,-07:00,2025-05-03T18:44:10-07:00,0,66
projects\projects.js,11,js,2093fb8d,roynguyenn,2025-05-03,18:44:10,-07:00,2025-05-03T18:44:10-07:00,0,31
projects\projects.js,12,js,2093fb8d,roynguyenn,2025-05-03,18:44:10,-07:00,2025-05-03T18:44:10-07:00,0,24
projects\projects.js,13,js,0f4bfa61,roynguyenn,2025-04-26,22:16:01,-07:00,2025-04-26T22:16:01-07:00,0,0
projects\projects.js,14,js,2093fb8d,roynguyenn,2025-05-03,18:44:10,-07:00,2025-05-03T18:44:10-07:00,0,27
projects\projects.js,15,js,2093fb8d,roynguyenn,2025-05-03,18:44:10,-07:00,2025-05-03T18:44:10-07:00,0,8
projects\projects.js,16,js,2093fb8d,roynguyenn,2025-05-03,18:44:10,-07:00,2025-05-03T18:44:10-07:00,0,15
projects\projects.js,17,js,2093fb8d,roynguyenn,2025-05-03,18:44:10,-07:00,2025-05-03T18:44:10-07:00,0,13
projects\projects.js,18,js,2093fb8d,roynguyenn,2025-05-03,18:44:10,-07:00,2025-05-03T18:44:10-07:00,0,1
projects\projects.js,19,js,2093fb8d,roynguyenn,2025-05-03,18:44:10,-07:00,2025-05-03T18:44:10-07:00,0,0
projects\projects.js,20,js,2093fb8d,roynguyenn,2025-05-03,18:44:10,-07:00,2025-05-03T18:44:10-07:00,0,45
projects\projects.js,21,js,2093fb8d,roynguyenn,2025-05-03,18:44:10,-07:00,2025-05-03T18:44:10-07:00,0,36
projects\projects.js,22,js,2093fb8d,roynguyenn,2025-05-03,18:44:10,-07:00,2025-05-03T18:44:10-07:00,0,2
projects\projects.js,23,js,2093fb8d,roynguyenn,2025-05-03,18:44:10,-07:00,2025-05-03T18:44:10-07:00,0,0
projects\projects.js,24,js,2093fb8d,roynguyenn,2025-05-03,18:44:10,-07:00,2025-05-03T18:44:10-07:00,0,48
projects\projects.js,25,js,2093fb8d,roynguyenn,2025-05-03,18:44:10,-07:00,2025-05-03T18:44:10-07:00,0,0
projects\projects.js,26,js,2093fb8d,roynguyenn,2025-05-03,18:44:10,-07:00,2025-05-03T18:44:10-07:00,0,34
projects\projects.js,27,js,2093fb8d,roynguyenn,2025-05-03,18:44:10,-07:00,2025-05-03T18:44:10-07:00,0,51
projects\projects.js,28,js,2093fb8d,roynguyenn,2025-05-03,18:44:10,-07:00,2025-05-03T18:44:10-07:00,0,75
projects\projects.js,29,js,2093fb8d,roynguyenn,2025-05-03,18:44:10,-07:00,2025-05-03T18:44:10-07:00,0,0
projects\projects.js,30,js,2093fb8d,roynguyenn,2025-05-03,18:44:10,-07:00,2025-05-03T18:44:10-07:00,0,31
projects\projects.js,31,js,2093fb8d,roynguyenn,2025-05-03,18:44:10,-07:00,2025-05-03T18:44:10-07:00,0,74
projects\projects.js,32,js,2093fb8d,roynguyenn,2025-05-03,18:44:10,-07:00,2025-05-03T18:44:10-07:00,0,60
projects\projects.js,33,js,2093fb8d,roynguyenn,2025-05-03,18:44:10,-07:00,2025-05-03T18:44:10-07:00,0,33
projects\projects.js,34,js,2093fb8d,roynguyenn,2025-05-03,18:44:10,-07:00,2025-05-03T18:44:10-07:00,0,0
projects\projects.js,35,js,2093fb8d,roynguyenn,2025-05-03,18:44:10,-07:00,2025-05-03T18:44:10-07:00,0,0
projects\projects.js,36,js,2093fb8d,roynguyenn,2025-05-03,18:44:10,-07:00,2025-05-03T18:44:10-07:00,0,33
projects\projects.js,37,js,2093fb8d,roynguyenn,2025-05-03,18:44:10,-07:00,2025-05-03T18:44:10-07:00,0,25
projects\projects.js,38,js,2093fb8d,roynguyenn,2025-05-03,18:44:10,-07:00,2025-05-03T18:44:10-07:00,0,5
projects\projects.js,39,js,2093fb8d,roynguyenn,2025-05-03,18:44:10,-07:00,2025-05-03T18:44:10-07:00,0,12
projects\projects.js,40,js,2093fb8d,roynguyenn,2025-05-03,18:44:10,-07:00,2025-05-03T18:44:10-07:00,0,94
projects\projects.js,41,js,2093fb8d,roynguyenn,2025-05-03,18:44:10,-07:00,2025-05-03T18:44:10-07:00,0,100
projects\projects.js,42,js,0f4bfa61,roynguyenn,2025-04-26,22:16:01,-07:00,2025-04-26T22:16:01-07:00,0,2
projects\projects.js,43,js,2093fb8d,roynguyenn,2025-05-03,18:44:10,-07:00,2025-05-03T18:44:10-07:00,0,0
projects\projects.js,44,js,2093fb8d,roynguyenn,2025-05-03,18:44:10,-07:00,2025-05-03T18:44:10-07:00,0,0
projects\projects.js,45,js,2093fb8d,roynguyenn,2025-05-03,18:44:10,-07:00,2025-05-03T18:44:10-07:00,0,65
projects\projects.js,46,js,2093fb8d,roynguyenn,2025-05-03,18:44:10,-07:00,2025-05-03T18:44:10-07:00,0,0
projects\projects.js,47,js,2093fb8d,roynguyenn,2025-05-03,18:44:10,-07:00,2025-05-03T18:44:10-07:00,0,0
projects\projects.js,48,js,2093fb8d,roynguyenn,2025-05-03,18:44:10,-07:00,2025-05-03T18:44:10-07:00,0,39
projects\projects.js,49,js,2093fb8d,roynguyenn,2025-05-03,18:44:10,-07:00,2025-05-03T18:44:10-07:00,0,0
projects\projects.js,50,js,2093fb8d,roynguyenn,2025-05-03,18:44:10,-07:00,2025-05-03T18:44:10-07:00,0,37
projects\projects.js,51,js,2093fb8d,roynguyenn,2025-05-03,18:44:10,-07:00,2025-05-03T18:44:10-07:00,0,25
projects\projects.js,52,js,2093fb8d,roynguyenn,2025-05-03,18:44:10,-07:00,2025-05-03T18:44:10-07:00,0,13
projects\projects.js,53,js,2093fb8d,roynguyenn,2025-05-03,18:44:10,-07:00,2025-05-03T18:44:10-07:00,0,35
projects\projects.js,54,js,2093fb8d,roynguyenn,2025-05-03,18:44:10,-07:00,2025-05-03T18:44:10-07:00,0,30
projects\projects.js,55,js,2093fb8d,roynguyenn,2025-05-03,18:44:10,-07:00,2025-05-03T18:44:10-07:00,0,1
projects\projects.js,56,js,2093fb8d,roynguyenn,2025-05-03,18:44:10,-07:00,2025-05-03T18:44:10-07:00,0,0
projects\projects.js,57,js,2093fb8d,roynguyenn,2025-05-03,18:44:10,-07:00,2025-05-03T18:44:10-07:00,0,43
projects\projects.js,58,js,2093fb8d,roynguyenn,2025-05-03,18:44:10,-07:00,2025-05-03T18:44:10-07:00,0,58
projects\projects.js,59,js,2093fb8d,roynguyenn,2025-05-03,18:44:10,-07:00,2025-05-03T18:44:10-07:00,0,37
projects\projects.js,60,js,2093fb8d,roynguyenn,2025-05-03,18:44:10,-07:00,2025-05-03T18:44:10-07:00,0,0
projects\projects.js,61,js,2093fb8d,roynguyenn,2025-05-03,18:44:10,-07:00,2025-05-03T18:44:10-07:00,0,45
projects\projects.js,62,js,2093fb8d,roynguyenn,2025-05-03,18:44:10,-07:00,2025-05-03T18:44:10-07:00,0,30
projects\projects.js,63,js,2093fb8d,roynguyenn,2025-05-03,18:44:10,-07:00,2025-05-03T18:44:10-07:00,0,31
projects\projects.js,64,js,2093fb8d,roynguyenn,2025-05-03,18:44:10,-07:00,2025-05-03T18:44:10-07:00,0,0
projects\projects.js,65,js,2093fb8d,roynguyenn,2025-05-03,18:44:10,-07:00,2025-05-03T18:44:10-07:00,0,20
projects\projects.js,66,js,2093fb8d,roynguyenn,2025-05-03,18:44:10,-07:00,2025-05-03T18:44:10-07:00,0,64
projects\projects.js,67,js,2093fb8d,roynguyenn,2025-05-03,18:44:10,-07:00,2025-05-03T18:44:10-07:00,0,54
projects\projects.js,68,js,2093fb8d,roynguyenn,2025-05-03,18:44:10,-07:00,2025-05-03T18:44:10-07:00,0,0
projects\projects.js,69,js,2093fb8d,roynguyenn,2025-05-03,18:44:10,-07:00,2025-05-03T18:44:10-07:00,0,0
projects\projects.js,70,js,2093fb8d,roynguyenn,2025-05-03,18:44:10,-07:00,2025-05-03T18:44:10-07:00,0,37
projects\projects.js,71,js,2093fb8d,roynguyenn,2025-05-03,18:44:10,-07:00,2025-05-03T18:44:10-07:00,0,20
projects\projects.js,72,js,2093fb8d,roynguyenn,2025-05-03,18:44:10,-07:00,2025-05-03T18:44:10-07:00,0,17
projects\projects.js,73,js,2093fb8d,roynguyenn,2025-05-03,18:44:10,-07:00,2025-05-03T18:44:10-07:00,0,22
projects\projects.js,74,js,2093fb8d,roynguyenn,2025-05-03,18:44:10,-07:00,2025-05-03T18:44:10-07:00,0,17
projects\projects.js,75,js,2093fb8d,roynguyenn,2025-05-03,18:44:10,-07:00,2025-05-03T18:44:10-07:00,0,33
projects\projects.js,76,js,2093fb8d,roynguyenn,2025-05-03,18:44:10,-07:00,2025-05-03T18:44:10-07:00,0,26
projects\projects.js,77,js,2093fb8d,roynguyenn,2025-05-03,18:44:10,-07:00,2025-05-03T18:44:10-07:00,0,61
projects\projects.js,78,js,2093fb8d,roynguyenn,2025-05-03,18:44:10,-07:00,2025-05-03T18:44:10-07:00,0,38
projects\projects.js,79,js,2093fb8d,roynguyenn,2025-05-03,18:44:10,-07:00,2025-05-03T18:44:10-07:00,0,25
projects\projects.js,80,js,2093fb8d,roynguyenn,2025-05-03,18:44:10,-07:00,2025-05-03T18:44:10-07:00,0,48
projects\projects.js,81,js,2093fb8d,roynguyenn,2025-05-03,18:44:10,-07:00,2025-05-03T18:44:10-07:00,0,0
projects\projects.js,82,js,2093fb8d,roynguyenn,2025-05-03,18:44:10,-07:00,2025-05-03T18:44:10-07:00,0,19
projects\projects.js,83,js,2093fb8d,roynguyenn,2025-05-03,18:44:10,-07:00,2025-05-03T18:44:10-07:00,0,20
projects\projects.js,84,js,2093fb8d,roynguyenn,2025-05-03,18:44:10,-07:00,2025-05-03T18:44:10-07:00,0,56
projects\projects.js,85,js,2093fb8d,roynguyenn,2025-05-03,18:44:10,-07:00,2025-05-03T18:44:10-07:00,0,21
projects\projects.js,86,js,2093fb8d,roynguyenn,2025-05-03,18:44:10,-07:00,2025-05-03T18:44:10-07:00,0,55
projects\projects.js,87,js,2093fb8d,roynguyenn,2025-05-03,18:44:10,-07:00,2025-05-03T18:44:10-07:00,0,0
projects\projects.js,88,js,2093fb8d,roynguyenn,2025-05-03,18:44:10,-07:00,2025-05-03T18:44:10-07:00,0,30
projects\projects.js,89,js,2093fb8d,roynguyenn,2025-05-03,18:44:10,-07:00,2025-05-03T18:44:10-07:00,0,34
projects\projects.js,90,js,2093fb8d,roynguyenn,2025-05-03,18:44:10,-07:00,2025-05-03T18:44:10-07:00,0,65
projects\projects.js,91,js,2093fb8d,roynguyenn,2025-05-03,18:44:10,-07:00,2025-05-03T18:44:10-07:00,0,58
projects\projects.js,92,js,2093fb8d,roynguyenn,2025-05-03,18:44:10,-07:00,2025-05-03T18:44:10-07:00,0,1
projects\projects.js,93,js,2093fb8d,roynguyenn,2025-05-03,18:44:10,-07:00,2025-05-03T18:44:10-07:00,0,47
projects\projects.js,94,js,2093fb8d,roynguyenn,2025-05-03,18:44:10,-07:00,2025-05-03T18:44:10-07:00,0,2
projects\projects.js,95,js,2093fb8d,roynguyenn,2025-05-03,18:44:10,-07:00,2025-05-03T18:44:10-07:00,0,0
projects\projects.js,96,js,2093fb8d,roynguyenn,2025-05-03,18:44:10,-07:00,2025-05-03T18:44:10-07:00,0,0
projects\projects.js,97,js,2093fb8d,roynguyenn,2025-05-03,18:44:10,-07:00,2025-05-03T18:44:10-07:00,0,26
projects\projects.js,98,js,2093fb8d,roynguyenn,2025-05-03,18:44:10,-07:00,2025-05-03T18:44:10-07:00,0,21
projects\projects.js,99,js,2093fb8d,roynguyenn,2025-05-03,18:44:10,-07:00,2025-05-03T18:44:10-07:00,0,13
projects\projects.js,100,js,2093fb8d,roynguyenn,2025-05-03,18:44:10,-07:00,2025-05-03T18:44:10-07:00,0,7
projects\projects.js,101,js,2093fb8d,roynguyenn,2025-05-03,18:44:10,-07:00,2025-05-03T18:44:10-07:00,0,12
projects\projects.js,102,js,2093fb8d,roynguyenn,2025-05-03,18:44:10,-07:00,2025-05-03T18:44:10-07:00,0,37
projects\projects.js,103,js,2093fb8d,roynguyenn,2025-05-03,18:44:10,-07:00,2025-05-03T18:44:10-07:00,0,9
projects\projects.js,104,js,2093fb8d,roynguyenn,2025-05-03,18:44:10,-07:00,2025-05-03T18:44:10-07:00,0,63
projects\projects.js,105,js,2093fb8d,roynguyenn,2025-05-03,18:44:10,-07:00,2025-05-03T18:44:10-07:00,0,23
projects\projects.js,106,js,2093fb8d,roynguyenn,2025-05-03,18:44:10,-07:00,2025-05-03T18:44:10-07:00,0,41
projects\projects.js,107,js,2093fb8d,roynguyenn,2025-05-03,18:44:10,-07:00,2025-05-03T18:44:10-07:00,0,46
projects\projects.js,108,js,2093fb8d,roynguyenn,2025-05-03,18:44:10,-07:00,2025-05-03T18:44:10-07:00,0,0
projects\projects.js,109,js,2093fb8d,roynguyenn,2025-05-03,18:44:10,-07:00,2025-05-03T18:44:10-07:00,0,20
projects\projects.js,110,js,2093fb8d,roynguyenn,2025-05-03,18:44:10,-07:00,2025-05-03T18:44:10-07:00,0,25
projects\projects.js,111,js,2093fb8d,roynguyenn,2025-05-03,18:44:10,-07:00,2025-05-03T18:44:10-07:00,0,42
projects\projects.js,112,js,2093fb8d,roynguyenn,2025-05-03,18:44:10,-07:00,2025-05-03T18:44:10-07:00,0,0
projects\projects.js,113,js,2093fb8d,roynguyenn,2025-05-03,18:44:10,-07:00,2025-05-03T18:44:10-07:00,0,21
projects\projects.js,114,js,2093fb8d,roynguyenn,2025-05-03,18:44:10,-07:00,2025-05-03T18:44:10-07:00,0,25
projects\projects.js,115,js,2093fb8d,roynguyenn,2025-05-03,18:44:10,-07:00,2025-05-03T18:44:10-07:00,0,42
projects\projects.js,116,js,2093fb8d,roynguyenn,2025-05-03,18:44:10,-07:00,2025-05-03T18:44:10-07:00,0,2
projects\projects.js,117,js,2093fb8d,roynguyenn,2025-05-03,18:44:10,-07:00,2025-05-03T18:44:10-07:00,0,0
projects\projects.js,118,js,2093fb8d,roynguyenn,2025-05-03,18:44:10,-07:00,2025-05-03T18:44:10-07:00,0,0
projects\projects.js,119,js,2093fb8d,roynguyenn,2025-05-03,18:44:10,-07:00,2025-05-03T18:44:10-07:00,0,49
projects\projects.js,120,js,2093fb8d,roynguyenn,2025-05-03,18:44:10,-07:00,2025-05-03T18:44:10-07:00,0,24
projects\projects.js,121,js,2093fb8d,roynguyenn,2025-05-03,18:44:10,-07:00,2025-05-03T18:44:10-07:00,0,0
projects\projects.js,122,js,2093fb8d,roynguyenn,2025-05-03,18:44:10,-07:00,2025-05-03T18:44:10-07:00,0,0
projects\projects.js,123,js,2093fb8d,roynguyenn,2025-05-03,18:44:10,-07:00,2025-05-03T18:44:10-07:00,0,0
projects\projects.js,124,js,2093fb8d,roynguyenn,2025-05-03,18:44:10,-07:00,2025-05-03T18:44:10-07:00,0,0
projects\projects.js,125,js,2093fb8d,roynguyenn,2025-05-03,18:44:10,-07:00,2025-05-03T18:44:10-07:00,0,0
projects\projects.js,126,js,2093fb8d,roynguyenn,2025-05-03,18:44:10,-07:00,2025-05-03T18:44:10-07:00,0,14
projects\projects.js,127,js,2093fb8d,roynguyenn,2025-05-03,18:44:10,-07:00,2025-05-03T18:44:10-07:00,0,54
projects\projects.js,128,js,2093fb8d,roynguyenn,2025-05-03,18:44:10,-07:00,2025-05-03T18:44:10-07:00,0,0
projects\projects.js,129,js,2093fb8d,roynguyenn,2025-05-03,18:44:10,-07:00,2025-05-03T18:44:10-07:00,0,49
projects\projects.js,130,js,2093fb8d,roynguyenn,2025-05-03,18:44:10,-07:00,2025-05-03T18:44:10-07:00,0,20
projects\projects.js,131,js,2093fb8d,roynguyenn,2025-05-03,18:44:10,-07:00,2025-05-03T18:44:10-07:00,0,59
projects\projects.js,132,js,2093fb8d,roynguyenn,2025-05-03,18:44:10,-07:00,2025-05-03T18:44:10-07:00,0,26
projects\projects.js,133,js,2093fb8d,roynguyenn,2025-05-03,18:44:10,-07:00,2025-05-03T18:44:10-07:00,0,17
projects\projects.js,134,js,2093fb8d,roynguyenn,2025-05-03,18:44:10,-07:00,2025-05-03T18:44:10-07:00,0,48
projects\projects.js,135,js,2093fb8d,roynguyenn,2025-05-03,18:44:10,-07:00,2025-05-03T18:44:10-07:00,0,60
projects\projects.js,136,js,2093fb8d,roynguyenn,2025-05-03,18:44:10,-07:00,2025-05-03T18:44:10-07:00,0,43
projects\projects.js,137,js,2093fb8d,roynguyenn,2025-05-03,18:44:10,-07:00,2025-05-03T18:44:10-07:00,0,2
projects\projects.js,138,js,2093fb8d,roynguyenn,2025-05-03,18:44:10,-07:00,2025-05-03T18:44:10-07:00,0,26
projects\projects.js,139,js,2093fb8d,roynguyenn,2025-05-03,18:44:10,-07:00,2025-05-03T18:44:10-07:00,0,0
projects\projects.js,140,js,2093fb8d,roynguyenn,2025-05-03,18:44:10,-07:00,2025-05-03T18:44:10-07:00,0,57
projects\projects.js,141,js,2093fb8d,roynguyenn,2025-05-03,18:44:10,-07:00,2025-05-03T18:44:10-07:00,0,32
projects\projects.js,142,js,2093fb8d,roynguyenn,2025-05-03,18:44:10,-07:00,2025-05-03T18:44:10-07:00,0,0
projects\projects.js,143,js,2093fb8d,roynguyenn,2025-05-03,18:44:10,-07:00,2025-05-03T18:44:10-07:00,0,2
projects\projects.js,144,js,2093fb8d,roynguyenn,2025-05-03,18:44:10,-07:00,2025-05-03T18:44:10-07:00,0,0
projects\projects.js,145,js,2093fb8d,roynguyenn,2025-05-03,18:44:10,-07:00,2025-05-03T18:44:10-07:00,0,0
projects\projects.js,146,js,2093fb8d,roynguyenn,2025-05-03,18:44:10,-07:00,2025-05-03T18:44:10-07:00,0,74
projects\projects.js,147,js,2093fb8d,roynguyenn,2025-05-03,18:44:10,-07:00,2025-05-03T18:44:10-07:00,0,22
projects\projects.js,148,js,2093fb8d,roynguyenn,2025-05-03,18:44:10,-07:00,2025-05-03T18:44:10-07:00,0,0
projects\projects.js,149,js,2093fb8d,roynguyenn,2025-05-03,18:44:10,-07:00,2025-05-03T18:44:10-07:00,0,61
projects\projects.js,150,js,2093fb8d,roynguyenn,2025-05-03,18:44:10,-07:00,2025-05-03T18:44:10-07:00,0,33
projects\projects.js,151,js,2093fb8d,roynguyenn,2025-05-03,18:44:10,-07:00,2025-05-03T18:44:10-07:00,0,61
projects\projects.js,152,js,2093fb8d,roynguyenn,2025-05-03,18:44:10,-07:00,2025-05-03T18:44:10-07:00,0,70
projects\projects.js,153,js,2093fb8d,roynguyenn,2025-05-03,18:44:10,-07:00,2025-05-03T18:44:10-07:00,0,0
projects\projects.js,154,js,2093fb8d,roynguyenn,2025-05-03,18:44:10,-07:00,2025-05-03T18:44:10-07:00,0,68
projects\projects.js,155,js,2093fb8d,roynguyenn,2025-05-03,18:44:10,-07:00,2025-05-03T18:44:10-07:00,0,62
projects\projects.js,156,js,2093fb8d,roynguyenn,2025-05-03,18:44:10,-07:00,2025-05-03T18:44:10-07:00,0,32
projects\projects.js,157,js,2093fb8d,roynguyenn,2025-05-03,18:44:10,-07:00,2025-05-03T18:44:10-07:00,0,17
projects\projects.js,158,js,2093fb8d,roynguyenn,2025-05-03,18:44:10,-07:00,2025-05-03T18:44:10-07:00,0,67
projects\projects.js,159,js,2093fb8d,roynguyenn,2025-05-03,18:44:10,-07:00,2025-05-03T18:44:10-07:00,0,23
projects\projects.js,160,js,2093fb8d,roynguyenn,2025-05-03,18:44:10,-07:00,2025-05-03T18:44:10-07:00,0,19
projects\projects.js,161,js,2093fb8d,roynguyenn,2025-05-03,18:44:10,-07:00,2025-05-03T18:44:10-07:00,0,0
projects\projects.js,162,js,2093fb8d,roynguyenn,2025-05-03,18:44:10,-07:00,2025-05-03T18:44:10-07:00,0,49
projects\projects.js,163,js,2093fb8d,roynguyenn,2025-05-03,18:44:10,-07:00,2025-05-03T18:44:10-07:00,0,46
projects\projects.js,164,js,2093fb8d,roynguyenn,2025-05-03,18:44:10,-07:00,2025-05-03T18:44:10-07:00,0,44
projects\projects.js,165,js,2093fb8d,roynguyenn,2025-05-03,18:44:10,-07:00,2025-05-03T18:44:10-07:00,0,0
projects\projects.js,166,js,2093fb8d,roynguyenn,2025-05-03,18:44:10,-07:00,2025-05-03T18:44:10-07:00,0,26
projects\projects.js,167,js,2093fb8d,roynguyenn,2025-05-03,18:44:10,-07:00,2025-05-03T18:44:10-07:00,0,39
projects\projects.js,168,js,2093fb8d,roynguyenn,2025-05-03,18:44:10,-07:00,2025-05-03T18:44:10-07:00,0,49
projects\projects.js,169,js,2093fb8d,roynguyenn,2025-05-03,18:44:10,-07:00,2025-05-03T18:44:10-07:00,0,7
projects\projects.js,170,js,2093fb8d,roynguyenn,2025-05-03,18:44:10,-07:00,2025-05-03T18:44:10-07:00,0,0
projects\projects.js,171,js,2093fb8d,roynguyenn,2025-05-03,18:44:10,-07:00,2025-05-03T18:44:10-07:00,0,33
projects\projects.js,172,js,2093fb8d,roynguyenn,2025-05-03,18:44:10,-07:00,2025-05-03T18:44:10-07:00,0,47
projects\projects.js,173,js,2093fb8d,roynguyenn,2025-05-03,18:44:10,-07:00,2025-05-03T18:44:10-07:00,0,41
projects\projects.js,174,js,2093fb8d,roynguyenn,2025-05-03,18:44:10,-07:00,2025-05-03T18:44:10-07:00,0,40
projects\projects.js,175,js,2093fb8d,roynguyenn,2025-05-03,18:44:10,-07:00,2025-05-03T18:44:10-07:00,0,78
projects\projects.js,176,js,2093fb8d,roynguyenn,2025-05-03,18:44:10,-07:00,2025-05-03T18:44:10-07:00,0,1
projects\projects.js,177,js,2093fb8d,roynguyenn,2025-05-03,18:44:10,-07:00,2025-05-03T18:44:10-07:00,0,0
projects\projects.js,178,js,2093fb8d,roynguyenn,2025-05-03,18:44:10,-07:00,2025-05-03T18:44:10-07:00,0,53
projects\projects.js,179,js,2093fb8d,roynguyenn,2025-05-03,18:44:10,-07:00,2025-05-03T18:44:10-07:00,0,49
projects\projects.js,180,js,2093fb8d,roynguyenn,2025-05-03,18:44:10,-07:00,2025-05-03T18:44:10-07:00,0,0
projects\projects.js,181,js,2093fb8d,roynguyenn,2025-05-03,18:44:10,-07:00,2025-05-03T18:44:10-07:00,0,30
projects\projects.js,182,js,2093fb8d,roynguyenn,2025-05-03,18:44:10,-07:00,2025-05-03T18:44:10-07:00,0,20
projects\projects.js,183,js,2093fb8d,roynguyenn,2025-05-03,18:44:10,-07:00,2025-05-03T18:44:10-07:00,0,27
projects\projects.js,184,js,2093fb8d,roynguyenn,2025-05-03,18:44:10,-07:00,2025-05-03T18:44:10-07:00,0,73
projects\projects.js,185,js,2093fb8d,roynguyenn,2025-05-03,18:44:10,-07:00,2025-05-03T18:44:10-07:00,0,2
projects\projects.js,186,js,2093fb8d,roynguyenn,2025-05-03,18:44:10,-07:00,2025-05-03T18:44:10-07:00,0,0
projects\projects.js,187,js,2093fb8d,roynguyenn,2025-05-03,18:44:10,-07:00,2025-05-03T18:44:10-07:00,0,0
projects\projects.js,188,js,2093fb8d,roynguyenn,2025-05-03,18:44:10,-07:00,2025-05-03T18:44:10-07:00,0,39
projects\projects.js,189,js,2093fb8d,roynguyenn,2025-05-03,18:44:10,-07:00,2025-05-03T18:44:10-07:00,0,21
projects\projects.js,190,js,2093fb8d,roynguyenn,2025-05-03,18:44:10,-07:00,2025-05-03T18:44:10-07:00,0,55
projects\projects.js,191,js,2093fb8d,roynguyenn,2025-05-03,18:44:10,-07:00,2025-05-03T18:44:10-07:00,0,2
projects\projects.js,192,js,2093fb8d,roynguyenn,2025-05-03,18:44:10,-07:00,2025-05-03T18:44:10-07:00,0,2
projects\projects.js,193,js,2093fb8d,roynguyenn,2025-05-03,18:44:10,-07:00,2025-05-03T18:44:10-07:00,0,0
projects\projects.js,194,js,2093fb8d,roynguyenn,2025-05-03,18:44:10,-07:00,2025-05-03T18:44:10-07:00,0,44
projects\projects.js,195,js,2093fb8d,roynguyenn,2025-05-03,18:44:10,-07:00,2025-05-03T18:44:10-07:00,0,0
projects\projects.js,196,js,2093fb8d,roynguyenn,2025-05-03,18:44:10,-07:00,2025-05-03T18:44:10-07:00,0,52
projects\projects.js,197,js,2093fb8d,roynguyenn,2025-05-03,18:44:10,-07:00,2025-05-03T18:44:10-07:00,0,69
projects\projects.js,198,js,2093fb8d,roynguyenn,2025-05-03,18:44:10,-07:00,2025-05-03T18:44:10-07:00,0,5
projects\projects.js,199,js,2093fb8d,roynguyenn,2025-05-03,18:44:10,-07:00,2025-05-03T18:44:10-07:00,0,15
projects\projects.js,200,js,2093fb8d,roynguyenn,2025-05-03,18:44:10,-07:00,2025-05-03T18:44:10-07:00,0,27
projects\projects.js,201,js,2093fb8d,roynguyenn,2025-05-03,18:44:10,-07:00,2025-05-03T18:44:10-07:00,0,71
projects\projects.js,202,js,2093fb8d,roynguyenn,2025-05-03,18:44:10,-07:00,2025-05-03T18:44:10-07:00,0,2
projects\projects.js,203,js,2093fb8d,roynguyenn,2025-05-03,18:44:10,-07:00,2025-05-03T18:44:10-07:00,0,0
projects\projects.js,204,js,2093fb8d,roynguyenn,2025-05-03,18:44:10,-07:00,2025-05-03T18:44:10-07:00,0,0
projects\projects.js,205,js,2093fb8d,roynguyenn,2025-05-03,18:44:10,-07:00,2025-05-03T18:44:10-07:00,0,0
projects\projects.js,206,js,2093fb8d,roynguyenn,2025-05-03,18:44:10,-07:00,2025-05-03T18:44:10-07:00,0,0
projects\projects.js,207,js,2093fb8d,roynguyenn,2025-05-03,18:44:10,-07:00,2025-05-03T18:44:10-07:00,0,33
projects\projects.js,208,js,2093fb8d,roynguyenn,2025-05-03,18:44:10,-07:00,2025-05-03T18:44:10-07:00,0,0
projects\projects.js,209,js,2093fb8d,roynguyenn,2025-05-03,18:44:10,-07:00,2025-05-03T18:44:10-07:00,0,0
projects\index.html,1,html,70a785c6,roynguyenn,2025-04-04,17:19:30,-07:00,2025-04-04T17:19:30-07:00,0,14
projects\index.html,2,html,70a785c6,roynguyenn,2025-04-04,17:19:30,-07:00,2025-04-04T17:19:30-07:00,0,15
projects\index.html,3,html,70a785c6,roynguyenn,2025-04-04,17:19:30,-07:00,2025-04-04T17:19:30-07:00,0,5
projects\index.html,4,html,0f4bfa61,roynguyenn,2025-04-26,22:16:01,-07:00,2025-04-26T22:16:01-07:00,0,23
projects\index.html,5,html,0f4bfa61,roynguyenn,2025-04-26,22:16:01,-07:00,2025-04-26T22:16:01-07:00,0,70
projects\index.html,6,html,64bec796,roynguyenn,2025-04-12,22:37:15,-07:00,2025-04-12T22:37:15-07:00,0,22
projects\index.html,7,html,0f4bfa61,roynguyenn,2025-04-26,22:16:01,-07:00,2025-04-26T22:16:01-07:00,0,43
projects\index.html,8,html,70a785c6,roynguyenn,2025-04-04,17:19:30,-07:00,2025-04-04T17:19:30-07:00,0,6
projects\index.html,9,html,70a785c6,roynguyenn,2025-04-04,17:19:30,-07:00,2025-04-04T17:19:30-07:00,0,5
projects\index.html,10,html,0f4bfa61,roynguyenn,2025-04-26,22:16:01,-07:00,2025-04-26T22:16:01-07:00,0,0
projects\index.html,11,html,0f4bfa61,roynguyenn,2025-04-26,22:16:01,-07:00,2025-04-26T22:16:01-07:00,0,39
projects\index.html,12,html,0f4bfa61,roynguyenn,2025-04-26,22:16:01,-07:00,2025-04-26T22:16:01-07:00,0,0
projects\index.html,13,html,2093fb8d,roynguyenn,2025-05-03,18:44:10,-07:00,2025-05-03T18:44:10-07:00,0,24
projects\index.html,14,html,2093fb8d,roynguyenn,2025-05-03,18:44:10,-07:00,2025-05-03T18:44:10-07:00,0,59
projects\index.html,15,html,2093fb8d,roynguyenn,2025-05-03,18:44:10,-07:00,2025-05-03T18:44:10-07:00,0,23
projects\index.html,16,html,2093fb8d,roynguyenn,2025-05-03,18:44:10,-07:00,2025-05-03T18:44:10-07:00,0,5
projects\index.html,17,html,2093fb8d,roynguyenn,2025-05-03,18:44:10,-07:00,2025-05-03T18:44:10-07:00,0,5
projects\index.html,18,html,2093fb8d,roynguyenn,2025-05-03,18:44:10,-07:00,2025-05-03T18:44:10-07:00,0,16
projects\index.html,19,html,2093fb8d,roynguyenn,2025-05-03,18:44:10,-07:00,2025-05-03T18:44:10-07:00,0,12
projects\index.html,20,html,2093fb8d,roynguyenn,2025-05-03,18:44:10,-07:00,2025-05-03T18:44:10-07:00,0,27
projects\index.html,21,html,2093fb8d,roynguyenn,2025-05-03,18:44:10,-07:00,2025-05-03T18:44:10-07:00,0,32
projects\index.html,22,html,2093fb8d,roynguyenn,2025-05-03,18:44:10,-07:00,2025-05-03T18:44:10-07:00,0,1
projects\index.html,23,html,2093fb8d,roynguyenn,2025-05-03,18:44:10,-07:00,2025-05-03T18:44:10-07:00,0,0
projects\index.html,24,html,2093fb8d,roynguyenn,2025-05-03,18:44:10,-07:00,2025-05-03T18:44:10-07:00,0,0
projects\index.html,25,html,0f4bfa61,roynguyenn,2025-04-26,22:16:01,-07:00,2025-04-26T22:16:01-07:00,0,39
projects\index.html,26,html,0f4bfa61,roynguyenn,2025-04-26,22:16:01,-07:00,2025-04-26T22:16:01-07:00,0,27
projects\index.html,27,html,0f4bfa61,roynguyenn,2025-04-26,22:16:01,-07:00,2025-04-26T22:16:01-07:00,0,0
projects\index.html,28,html,0f4bfa61,roynguyenn,2025-04-26,22:16:01,-07:00,2025-04-26T22:16:01-07:00,0,33
projects\index.html,29,html,0f4bfa61,roynguyenn,2025-04-26,22:16:01,-07:00,2025-04-26T22:16:01-07:00,0,49
projects\index.html,30,html,0f4bfa61,roynguyenn,2025-04-26,22:16:01,-07:00,2025-04-26T22:16:01-07:00,0,48
projects\index.html,31,html,2093fb8d,roynguyenn,2025-05-03,18:44:10,-07:00,2025-05-03T18:44:10-07:00,0,0
projects\index.html,32,html,2093fb8d,roynguyenn,2025-05-03,18:44:10,-07:00,2025-05-03T18:44:10-07:00,0,0
projects\index.html,33,html,70a785c6,roynguyenn,2025-04-04,17:19:30,-07:00,2025-04-04T17:19:30-07:00,0,6
projects\index.html,34,html,0f4bfa61,roynguyenn,2025-04-26,22:16:01,-07:00,2025-04-26T22:16:01-07:00,0,6
contact\index.html,1,html,70a785c6,roynguyenn,2025-04-04,17:19:30,-07:00,2025-04-04T17:19:30-07:00,0,14
contact\index.html,2,html,70a785c6,roynguyenn,2025-04-04,17:19:30,-07:00,2025-04-04T17:19:30-07:00,0,15
contact\index.html,3,html,70a785c6,roynguyenn,2025-04-04,17:19:30,-07:00,2025-04-04T17:19:30-07:00,0,5
contact\index.html,4,html,64bec796,roynguyenn,2025-04-12,22:37:15,-07:00,2025-04-12T22:37:15-07:00,0,21
contact\index.html,5,html,64bec796,roynguyenn,2025-04-12,22:37:15,-07:00,2025-04-12T22:37:15-07:00,0,69
contact\index.html,6,html,64bec796,roynguyenn,2025-04-12,22:37:15,-07:00,2025-04-12T22:37:15-07:00,0,21
contact\index.html,7,html,64bec796,roynguyenn,2025-04-12,22:37:15,-07:00,2025-04-12T22:37:15-07:00,0,58
contact\index.html,8,html,64bec796,roynguyenn,2025-04-12,22:37:15,-07:00,2025-04-12T22:37:15-07:00,0,42
contact\index.html,9,html,70a785c6,roynguyenn,2025-04-04,17:19:30,-07:00,2025-04-04T17:19:30-07:00,0,6
contact\index.html,10,html,70a785c6,roynguyenn,2025-04-04,17:19:30,-07:00,2025-04-04T17:19:30-07:00,0,5
contact\index.html,11,html,64bec796,roynguyenn,2025-04-12,22:37:15,-07:00,2025-04-12T22:37:15-07:00,0,23
contact\index.html,12,html,ec11ecf7,roynguyenn,2025-04-18,17:14:34,-07:00,2025-04-18T17:14:34-07:00,0,0
contact\index.html,13,html,64bec796,roynguyenn,2025-04-12,22:37:15,-07:00,2025-04-12T22:37:15-07:00,0,0
contact\index.html,14,html,64bec796,roynguyenn,2025-04-12,22:37:15,-07:00,2025-04-12T22:37:15-07:00,0,20
contact\index.html,15,html,64bec796,roynguyenn,2025-04-12,22:37:15,-07:00,2025-04-12T22:37:15-07:00,0,15
contact\index.html,16,html,ec11ecf7,roynguyenn,2025-04-18,17:14:34,-07:00,2025-04-18T17:14:34-07:00,0,60
contact\index.html,17,html,ec11ecf7,roynguyenn,2025-04-18,17:14:34,-07:00,2025-04-18T17:14:34-07:00,0,6
contact\index.html,18,html,ec11ecf7,roynguyenn,2025-04-18,17:14:34,-07:00,2025-04-18T17:14:34-07:00,0,7
contact\index.html,19,html,ec11ecf7,roynguyenn,2025-04-18,17:14:34,-07:00,2025-04-18T17:14:34-07:00,0,33
contact\index.html,20,html,ec11ecf7,roynguyenn,2025-04-18,17:14:34,-07:00,2025-04-18T17:14:34-07:00,0,7
contact\index.html,21,html,ec11ecf7,roynguyenn,2025-04-18,17:14:34,-07:00,2025-04-18T17:14:34-07:00,0,6
contact\index.html,22,html,ec11ecf7,roynguyenn,2025-04-18,17:14:34,-07:00,2025-04-18T17:14:34-07:00,0,7
contact\index.html,23,html,ec11ecf7,roynguyenn,2025-04-18,17:14:34,-07:00,2025-04-18T17:14:34-07:00,0,32
contact\index.html,24,html,ec11ecf7,roynguyenn,2025-04-18,17:14:34,-07:00,2025-04-18T17:14:34-07:00,0,7
contact\index.html,25,html,ec11ecf7,roynguyenn,2025-04-18,17:14:34,-07:00,2025-04-18T17:14:34-07:00,0,34
contact\index.html,26,html,64bec796,roynguyenn,2025-04-12,22:37:15,-07:00,2025-04-12T22:37:15-07:00,0,6
contact\index.html,27,html,ec11ecf7,roynguyenn,2025-04-18,17:14:34,-07:00,2025-04-18T17:14:34-07:00,0,49
contact\index.html,28,html,70a785c6,roynguyenn,2025-04-04,17:19:30,-07:00,2025-04-04T17:19:30-07:00,0,6
contact\index.html,29,html,64bec796,roynguyenn,2025-04-12,22:37:15,-07:00,2025-04-12T22:37:15-07:00,0,6
